firm,year,lk,llabor,lfuel,lny,trend,llabor2,lfuel2,lk2,labfue2,labk2,fuek2
1,86,.12284484,.29660398,.11459787,.25928308,1,.04398696,.00656634,.00754543,.03399018,.03643627,.01407776
1,87,.10871921,.45390094,.13149937,.3177908,2,.10301303,.00864604,.00590993,.05968769,.04934775,.01429651
1,88,.10419787,.41699797,.19935808,.37122791,3,.08694365,.01987182,.0054286,.08313192,.0434503,.02077269
1,89,.1053244,.40144964,.14545783,.39645626,4,.08058091,.01057899,.00554661,.05839399,.04228244,.01532026
1,90,.09484396,.48685965,.14265495,.46020119,5,.11851616,.01017522,.00449769,.06945294,.0461757,.01352996
1,91,.0773816,.4949323,.17905434,.46310973,6,.12247899,.01603023,.00299396,.08861977,.03829866,.01385551
1,92,.83195139,.30076199,.18509984,.44441989,7,.04522889,.01713097,.34607156,.05567099,.25021935,.15399407
1,93,.81243486,.29414994,.24195111,.50262785,8,.04326209,.02927017,.3300252,.0711699,.23897766,.19656952
1,94,.79700216,.25199622,.27414012,.5029042,9,.03175105,.0375764,.31760622,.06908227,.20084153,.21849027
1,95,.78007356,.25225247,.30958719,.56265672,10,.03181565,.04792212,.30425738,.07809413,.19677548,.24150078
1,96,.75334465,-.19400265,.25649475,.64654336,11,.01881851,.03289478,.28376408,-.04976066,-.14615086,.19322894
2,86,-2.460337,-1.8351634,-1.4140722,-2.727546,1,1.6839123,.99980014,3.026629,2.5950536,4.5151203,3.4790942
2,87,-2.4727294,-1.8126905,-1.2479793,-1.4812184,2,1.6429234,.7787262,3.0571953,2.2622003,4.4822931,3.0859152
2,88,-2.4923794,-1.5219828,-1.5006025,-2.4428549,3,1.1582158,1.1259039,3.1059776,2.2838911,3.7933585,3.7400707
2,89,-2.4987515,-1.6103683,-1.3315139,-1.478446,4,1.296643,.88646458,3.1218794,2.1442277,4.0239102,3.3271222
2,90,-2.4926335,-1.5495496,-1.636012,-1.7614251,5,1.200552,1.3382676,3.1066109,2.5350817,3.8624593,4.0779782
2,91,-2.5160315,-1.7275328,-1.5725326,-1.6120336,6,1.4921848,1.2364295,3.1652073,2.7166017,4.346527,3.9565417
2,92,-2.5099978,-1.8752109,-1.5929825,-1.6686631,7,1.758208,1.2687966,3.1500445,2.9871782,4.7067753,3.9983825
2,93,-2.5197078,-1.7256792,-1.9653937,-2.13205,8,1.4889843,1.9313861,3.1744637,3.3916389,4.3482073,4.9522178
2,94,-2.5235632,-1.9986551,-1.9172246,-2.062914,9,1.9973111,1.837875,3.1841856,3.8318707,5.0437324,4.8382374
2,95,-2.521083,-2.061411,-1.8678205,-2.1833688,10,2.1247076,1.7443766,3.1779298,3.8503456,5.1969883,4.7089304
2,96,-2.4666117,-2.1737039,-2.1982531,-2.4354356,11,2.3624944,2.4161583,3.0420867,4.7783513,5.3616836,5.4222368
3,86,-.36640729,-.31785887,.13715992,-.05566024,1,.05051713,.00940642,.06712715,-.0435975,.11646581,-.05025639
3,87,-.38039535,-.21954632,.29226818,.0113247,2,.02410029,.04271034,.07235031,-.0641664,.0835144,-.11117746
3,88,-.38286262,-.02025791,.22688573,.01527341,3,.00020519,.02573857,.07329189,-.00459623,.007756,-.08686606
3,89,-.41436804,-.0734656,.17813242,.06398043,4,.0026986,.01586558,.08585044,-.01308661,.0304418,-.07381238
3,90,-.42009582,.04612946,.14837913,-.01189046,5,.00106396,.01100818,.08824025,.00684465,-.0193788,-.06233345
3,91,-.4217656,.01511184,.19346195,.00459843,6,.00011418,.01871376,.08894311,.00292357,-.00637365,-.08159559
3,92,-.42055216,.09197665,.0870175,-.11026459,7,.00422985,.00378602,.08843206,.00800358,-.03868098,-.0365954
3,93,-.3718998,-.07559709,-.01408312,-.14935521,8,.00285746,.00009917,.06915473,.00106464,.02811454,.00523751
3,94,-.37703072,-.04271545,-.0500791,-.20655068,9,.0009123,.00125396,.07107608,.00213915,.01610504,.01888136
3,95,-.38237776,-.22779373,.08595008,-.15556232,10,.02594499,.00369371,.07310637,-.01957889,.08710326,-.0328654
3,96,-.39410277,-.605692,-.01526417,.06880652,11,.1834314,.0001165,.0776585,.00924539,.23870489,.00601565
4,86,.17380002,.81080623,-.15325858,-.5390139,1,.32870337,.0117441,.01510322,-.12426301,.14091814,-.02663634
4,87,.12922867,.74210645,-.0680344,-.3154432,2,.27536099,.00231434,.00835002,-.05048877,.09590143,-.00879199
4,88,.12411569,.72388809,-.08584757,-.27649452,3,.26200698,.0036849,.00770235,-.06214403,.08984587,-.01065503
4,89,.10654114,.6752418,-.04045015,-.25291074,4,.22797574,.00081811,.00567551,-.02731363,.07194103,-.0043096
4,90,.08534384,.90580986,-.29621499,-.53286461,5,.41024575,.04387166,.00364179,-.26831446,.07730529,-.02528013
4,91,.09382137,.79141978,-.4014949,-.60312121,6,.31317264,.08059908,.00440122,-.31775101,.07425209,-.0376688
4,92,.07315198,.63132396,-.45407452,-.51155403,7,.19928497,.10309183,.00267561,-.28666812,.0461826,-.03321645
4,93,.07660739,.65318087,-.10574712,-.26412055,8,.21332262,.00559123,.00293435,-.069072,.05003848,-.00810101
4,94,.07176729,.49271882,.02356456,-.18190927,9,.12138592,.00027764,.00257527,.0116107,.0353611,.00169116
4,95,.08295541,.08017797,-.12093169,-.22243354,10,.00321425,.00731224,.0034408,-.00969606,.0066512,-.01003194
4,96,.10206485,-.20608491,-.12023606,-.2166523,11,.0212355,.00722836,.00520862,.02477884,-.02103403,-.01227188
5,86,-.14884674,.89630192,-.44177053,-.29468564,1,.40167856,.0975806,.01107768,-.39595978,-.13341162,.0657561
5,87,-.15012214,.69039993,-.5471164,-.24147621,2,.23832603,.14966818,.01126833,-.37772912,-.10364431,.08213428
5,88,-.16435901,.49593684,-.58678958,-.24286057,3,.12297667,.17216101,.01350694,-.29101057,-.08151169,.09644415
5,89,-.17526319,.52794908,-.27049149,.01465085,4,.13936511,.03658282,.01535859,-.14280573,-.09253004,.0474072
5,90,-.19716543,.22287296,-.37710539,-.02182189,5,.02483618,.07110424,.0194371,-.08404659,-.04394284,.07435215
5,91,-.20691879,.30198159,-.53388361,-.13426789,6,.04559644,.14251586,.02140769,-.16122302,-.06248566,.11047055
5,92,-.22263495,.25276478,-.42885837,-.08528401,7,.03194502,.09195975,.02478316,-.10840029,-.05627427,.09547886
5,93,-.24418772,.23389384,-.53425176,-.06474652,8,.02735316,.14271247,.02981382,-.12495819,-.057114,.13045772
5,94,-.26723628,.15123808,-.35938353,-.08550213,9,.01143648,.06457826,.03570762,-.05435247,-.0404163,.09604032
5,95,-.28355145,-.05448442,-.62109219,-.19902523,10,.00148428,.19287776,.04020071,.03383985,.01544914,.17611159
5,96,-.30891095,-.04133997,-.61738411,-.23229857,11,.0008545,.19058157,.04771299,.02552264,.01277037,.19071671
6,86,-1.1222856,-.59427701,-1.1581931,-1.3804283,1,.17658259,.67070557,.6297625,.68828751,.66694855,1.2998234
6,87,-1.1488831,-.74000059,-1.2830601,-1.2881468,2,.27380044,.8231216,.65996615,.94946523,.85017415,1.474086
6,88,-1.1258016,-.59607077,-1.2055853,-1.3202976,3,.17765018,.72671794,.63371458,.71861415,.67105741,1.3572498
6,89,-1.0626274,-.68749858,-1.1713355,-1.1046936,4,.23632715,.68601347,.56458849,.80529151,.73055482,1.2446932
6,90,-1.0401712,-.63450188,-1.0462133,-1.4973692,5,.20129632,.54728119,.54097804,.66382433,.65999057,1.088241
6,91,-1.0491027,-.6777106,-1.1134148,-1.4976411,6,.22964583,.61984629,.55030826,.75457303,.71098804,1.1680865
6,92,-1.0572102,-.6920994,-1.6583022,-1.5854551,7,.23950079,1.3749832,.5588467,1.14771,.73169455,1.753174
6,93,-1.0487396,-1.0196523,-1.898681,-1.568398,8,.51984542,1.8024948,.5499274,1.9359945,1.0693498,1.991222
6,94,-1.0680612,-1.1015249,-1.4890218,-1.5529151,9,.60667856,1.1085929,.57037738,1.6401946,1.176496,1.5903664
6,95,-.91474627,-1.260316,-1.9502696,-1.5033922,10,.79419815,1.9017757,.41838037,2.4579559,1.1528693,1.7840018
6,96,-.90558912,-1.3226863,-1.5310631,-1.4775709,11,.87474949,1.1720771,.41004583,2.0251162,1.1978103,1.3865141
7,86,-.02982497,.12830133,.22322393,-.10647621,1,.00823062,.02491446,.00044476,.02863993,-.00382658,-.00665765
7,87,-.02107185,.07895992,.26348371,-.02036895,2,.00311733,.03471183,.00022201,.02080465,-.00166383,-.00555209
7,88,-.00413862,.31168571,.43333148,.19344945,3,.04857399,.09388809,8.564e-06,.13506323,-.00128995,-.00179339
7,89,.00418202,.00532067,.53785162,.27973923,4,.00001415,.14464218,8.745e-06,.00286173,.00002225,.00224931
7,90,-.00926066,.19287612,.56090476,.27149408,5,.0186006,.15730708,.00004288,.10818514,-.00178616,-.00519435
7,91,-.01040333,-.0406529,.54298782,.20830403,6,.00082633,.14741789,.00005411,-.02207403,.00042293,-.00564888
7,92,.00667587,-.06815681,.29665478,-.00009274,7,.00232268,.04400203,.00002228,-.02021904,-.00045501,.00198043
7,93,.00182327,-.26405402,-.0640739,-.3176152,8,.03486226,.00205273,1.662e-06,.01691897,-.00048144,-.00011682
7,94,-.00048573,-.55618281,-.20187581,-.43484897,9,.15466966,.02037692,1.180e-07,.11227986,.00027016,.00009806
7,95,-.02094986,-.96021137,-.45870954,-.47623388,10,.46100293,.10520722,.00021945,.44045811,.02011629,.0096099
7,96,-.01892113,-.90982282,-.51142215,-.53762558,11,.41388878,.13077631,.000179,.46530354,.01721488,.00967668
8,86,-1.1443921,-1.0381031,-1.0826801,-.98903461,1,.53882899,.58609815,.65481659,1.1239336,1.1879969,1.2390106
8,87,-1.1633984,-1.0251519,-1.0544536,-.93422781,2,.52546821,.55593624,.67674796,1.0809752,1.1926601,1.2267497
8,88,-1.1838204,-1.0588,-1.1509304,-.95568341,3,.56052867,.66232043,.70071534,1.2186051,1.253429,1.3624949
8,89,-1.1971113,-1.0750916,-1.1874037,-.97949408,4,.57791101,.70496373,.7165377,1.2765677,1.2870043,1.4214543
8,90,-1.2250254,-1.0809055,-1.1914804,-.94275565,5,.5841784,.70981276,.75034367,1.2878778,1.3241368,1.4595938
8,91,-1.2488282,-1.0242332,-1.1112113,-.89212327,6,.52452681,.61739528,.779786,1.1381395,1.2790913,1.3877121
8,92,-1.2603661,-1.135837,-1.1368738,-.91259087,7,.64506288,.64624102,.79426137,1.2913034,1.4315705,1.4328772
8,93,-1.2805798,-1.1440845,-1.1382201,-.93957186,8,.65446465,.64777248,.81994232,1.3022199,1.4650915,1.4575817
8,94,-1.3102803,-1.1104936,-1.055184,-.86541606,9,.616598,.55670663,.85841726,1.1717751,1.4550579,1.3825868
8,95,-1.3298949,-1.0664336,-1.0522878,-.87060048,10,.56864027,.55365486,.88431025,1.1221951,1.4182446,1.3994323
8,96,-1.306609,-1.1842166,-1.152247,-.80669511,11,.70118443,.66383656,.85361358,1.36451,1.547308,1.5055363
9,86,-.21567391,-.12479626,-.31886807,-.32129774,1,.00778705,.05083842,.02325762,.03979354,.0269153,.06877153
9,87,-.23660461,-.06921635,-.50872652,-.34663708,2,.00239545,.12940134,.02799087,.03521219,.01637691,.12036704
9,88,-.26198347,-.00126048,-.48277437,-.37603135,3,7.944e-07,.11653555,.03431767,.00060853,.00033022,.12647891
9,89,-.28218506,-.31967297,-.4869926,-.32276035,4,.0510954,.1185809,.03981421,.15567837,.09020694,.13742204
9,90,-.30231223,.06916194,-.4803292,-.3287662,5,.00239169,.11535807,.04569634,-.0332205,-.0209085,.14520939
9,91,-.31886782,-.24660308,-.52282381,-.34939875,6,.03040654,.13667237,.05083834,.12892996,.07863378,.16671169
9,92,-.3372537,.20530532,-.52070688,-.36604638,7,.02107514,.13556783,.05687003,-.10690389,-.06923998,.17561032
9,93,-.30824535,-.33892195,-.38191561,-.21550963,8,.05743404,.07292977,.0475076,.12943958,.10447111,.11772371
9,94,-.3326077,.00038879,-.31306428,-.18331776,9,7.558e-08,.04900462,.05531394,-.00012171,-.00012931,.10412759
9,95,-.3333777,-.08023082,-.36999454,-.24009141,10,.00321849,.06844798,.05557035,.02968496,.02674717,.12334793
9,96,-.3578489,-.19640743,-.32558062,-.09591092,11,.01928794,.05300137,.06402792,.06394645,.07028418,.11650866
10,86,-.85977578,-1.6910989,-.65732704,-.90357544,1,1.4299077,.21603942,.3696072,1.111605,1.4539659,.56515387
10,87,-.39869805,-1.5280434,-.95222857,-.92054055,2,1.1674583,.45336962,.07948007,1.4550466,.60922792,.37965167
10,88,-.42801105,-1.547998,-.83364911,-.87459925,3,1.1981489,.34748542,.09159673,1.2904871,.66256025,.35681103
10,89,-.45489533,-1.5099706,-.83396849,-.86418144,4,1.1400057,.34775172,.10346488,1.2592679,.68687859,.37936837
10,90,-.48293284,-1.4133045,-.9150188,-.86986169,5,.99871482,.4186297,.11661207,1.2932002,.68253117,.44189263
10,91,-.51002043,-1.2934158,-.78643825,-.78269632,6,.83646227,.30924256,.13006042,1.0171917,.6596685,.40109958
10,92,-.53840784,-1.5189662,-.76370107,-.80470789,7,1.1536291,.29161966,.1449415,1.1600361,.8178233,.41118264
10,93,-.56758567,-1.5810979,-.74905336,-.8760233,8,1.2499353,.28054047,.16107675,1.1843267,.89740852,.42515195
10,94,-.59300274,-1.4548042,-.70658952,-.77143555,9,1.0582277,.24963438,.17582612,1.0279494,.86270289,.41900952
10,95,-.62050112,-1.4733365,-.78471365,-.76893063,10,1.0853602,.30788776,.19251082,1.1561472,.91420693,.4869157
10,96,-.64973191,-1.484914,-.79746459,-.9246557,11,1.1024848,.31797488,.21107577,1.1841663,.964796,.51813819
11,86,1.0303179,1.1777753,.69879725,.58938089,1,.69357735,.2441588,.53077749,.82302616,1.213483,.71998332
11,87,1.0101304,.98668267,.63278075,.46214303,2,.48677134,.20020574,.51018174,.6243538,.99667819,.6391911
11,88,.98663637,.90820608,.33859881,.24916565,3,.41241914,.05732458,.48672566,.30751749,.89606914,.3340739
11,89,.96828436,.81694303,.24789383,.04848634,4,.33369796,.03072568,.4687873,.20251514,.79103316,.24003172
11,90,.93239605,.78647633,.39298577,.19880925,5,.30927251,.07721891,.4346812,.30907401,.73330742,.36641838
11,91,.91216922,.86542098,.57729114,.23959759,6,.37447674,.16663253,.41602634,.49959986,.78941038,.5265872
11,92,.89352055,.82809683,.27088868,-.06938529,7,.34287218,.03669034,.39918948,.22432206,.73992153,.2420446
11,93,.87777031,.71505629,.82925827,.50720717,8,.25565275,.34383464,.38524036,.59296634,.62765518,.72789829
11,94,.86276316,.72180766,.78197528,.60494981,9,.26050315,.30574267,.37218013,.56443575,.62274906,.67465946
11,95,.85682016,.69403025,.72917552,.60220814,10,.24083899,.26584847,.36707039,.50606987,.59465911,.62477229
11,96,.84864328,.70141524,.81052476,.74723485,11,.24599167,.3284752,.36009771,.56851442,.59525133,.68784639
12,86,.19418426,.15576296,.28862487,.31317576,1,.01213105,.04165216,.01885376,.04495706,.03024672,.05604641
12,87,.16963138,.02737799,.31958674,.28625322,2,.00037478,.05106784,.0143874,.00874964,.00464417,.05421194
12,88,.14396542,.2103944,.25354427,.29611662,3,.0221329,.03214235,.01036302,.05334429,.03028952,.03650161
12,89,.11689048,.09437972,.24178771,.28914254,4,.00445377,.02923065,.00683169,.02281986,.01103209,.02826268
12,90,.08753204,.06329862,.1373682,.21488355,5,.00200336,.00943501,.00383093,.00869522,.00554066,.01202412
12,91,.04856703,.03377394,.13856335,.21363353,6,.00057034,.0095999,.00117938,.00467983,.0016403,.00672961
12,92,.01654058,.12394151,.17836459,.24527012,7,.00768075,.01590696,.0001368,.02210678,.00205006,.00295025
12,93,-.00503531,.02158647,.13301873,.22338548,8,.00023299,.00884699,.00001268,.0028714,-.00010869,-.00066979
12,94,-.02820927,.03058102,.19876434,.27779162,9,.0004676,.01975363,.00039788,.00607842,-.00086267,-.005607
12,95,-.04453468,-.0874019,.16290484,.20140862,10,.00381955,.01326899,.00099167,-.01423819,.00389242,-.00725491
12,96,-.04215758,-.1233032,.15894802,.25258495,11,.00760184,.01263224,.00088863,-.0195988,.00519816,-.00670086
13,86,-.1665071,-.23610981,-.26171143,-.05664329,1,.02787392,.03424644,.01386231,.06179264,.03931396,.04357681
13,87,-.18918473,-.01154764,-.213392,-.00462121,2,.00006667,.02276807,.01789543,.00246417,.00218464,.04037051
13,88,-.21131273,.19178796,-.13870288,.04080785,3,.01839131,.00961924,.02232654,-.02660154,-.04052724,.02930968
13,89,-.22768041,.27153745,-.31677102,-.01378826,4,.03686629,.05017194,.02591918,-.08601519,-.06182376,.07212256
13,90,-.22355847,.03281713,-.34798846,-.01288549,5,.00053848,.06054798,.02498919,-.01141998,-.00733655,.07779577
13,91,-.2466037,.10719855,-.18324359,.03428337,6,.00574576,.01678911,.03040669,-.01964345,-.02643556,.04518855
13,92,.47964939,.15322028,-.29158229,.01153149,7,.01173823,.04251012,.11503177,-.04467632,.07349201,-.13985727
13,93,.45783653,.04171168,-.22958949,.08847701,8,.00086993,.02635567,.10480715,-.00957656,.01909713,-.10511446
13,94,.43542347,.08866283,-.24185324,.07160661,9,.00393055,.02924649,.0947968,-.02144339,.03860588,-.10530858
13,95,.41301186,-.07488609,-.11862928,.15098094,10,.00280396,.00703645,.0852894,.00888368,-.03092884,-.0489953
13,96,.39061869,-.22366149,-.1848279,.18009446,11,.02501223,.01708068,.07629148,.04133888,-.08736636,-.07219723
14,86,-.45867114,.44189193,-.27742498,-.20147977,1,.09763424,.03848231,.10518961,-.12259186,-.20268308,.12724683
14,87,-.45902465,.33459845,-.34176415,-.21662292,2,.05597806,.05840137,.10535182,-.11435376,-.15358894,.15687817
14,88,-.48054064,.17255131,-.33790974,-.22921905,3,.01488698,.0570915,.11545965,-.05830677,-.08291792,.16237936
14,89,-.47987735,.01381185,-.33380106,-.29443092,4,.00009538,.05571157,.11514114,-.00461041,-.00662799,.16018357
14,90,-.48832911,.00302215,-.53175629,-.34385059,5,4.567e-06,.14138237,.11923266,-.00160705,-.00147581,.25967207
14,91,-.48734367,-.15629197,-.37619552,-.19176928,6,.01221359,.07076153,.11875193,.05879634,.0761679,.1833365
14,92,-.50932626,-.24871505,-.38890734,-.19835816,7,.03092959,.07562446,.12970662,.09672711,.12667711,.19808072
14,93,-.52933617,-.13493339,-.31471002,-.15084836,8,.00910351,.0495212,.14009839,.04246489,.07142512,.1665874
14,94,-.52536861,-.32376668,-.32341619,-.18398084,9,.05241243,.05229902,.13800609,.10471139,.17009685,.16991272
14,95,-.51878584,-.34495589,-.36448629,-.26643043,10,.05949728,.06642513,.13456938,.12573169,.17895823,.18909033
14,96,-.52222376,-.33016813,-.42768739,-.23574827,11,.0545055,.09145825,.13635883,.14120875,.17242164,.22334852
15,86,1.174613,.63587337,.85015373,.62723086,1,.20216747,.36138068,.68985785,.54059011,.74690512,.99860162
15,87,1.1511471,.62534329,.96273585,.57426559,2,.19552712,.46343016,.66256981,.60204041,.71986211,1.1082506
15,88,1.18419,.78407063,.95862471,.70764269,3,.30738337,.45948066,.70115301,.75162947,.92848861,1.1351938
15,89,1.1912296,.81402539,1.0935043,.72283262,4,.33131867,.59787578,.70951394,.89014023,.96969112,1.3026146
15,90,1.1811767,.87040438,1.1252561,.75066133,5,.37880189,.63310065,.69758921,.97942784,1.0281014,1.3291263
15,91,1.1745122,.82405527,1.2608096,.91046582,6,.33953355,.79482042,.68973945,1.0389768,.96786297,1.4808362
15,92,1.1597223,.64750246,1.1591624,.84431338,7,.20962972,.67182874,.67247795,.75056052,.75092307,1.3443065
15,93,1.1445605,.52561265,1.2334153,.92575662,8,.13813433,.76065664,.65500932,.64829868,.60159545,1.4117184
15,94,1.1342724,.35491913,1.1356884,.85419119,9,.06298379,.64489406,.64328696,.40307754,.40257498,1.28818
15,95,1.1187387,.38655221,1.1883462,.83120008,10,.07471131,.70608337,.62578815,.45935786,.43245092,1.3294489
15,96,1.0955878,.42930783,1.2562203,.78872398,11,.09215261,.78904476,.60015628,.53930522,.47034441,1.3762996
16,86,.58156417,.05677785,.66376327,.41466642,1,.00161186,.22029084,.16910844,.03768705,.03301996,.38602094
16,87,.55320651,.10630951,.49054958,.40765274,2,.00565086,.12031945,.15301872,.05215008,.05881111,.27137522
16,88,.52723499,.11985502,.58750286,.39976085,3,.00718261,.17257981,.13898837,.07041517,.06319176,.30975206
16,89,.50070568,.16726544,.62929924,.50542602,4,.01398886,.19800877,.12535309,.10526001,.08375076,.3150937
16,90,.47611791,.06050928,.59038131,.4373247,5,.00183069,.17427505,.11334413,.03572355,.02880955,.28109112
16,91,.45729688,.16726544,.57849336,.44372196,6,.01398886,.16732729,.10456022,.09676195,.07648996,.26454321
16,92,.43656135,.15067101,.52230565,.41147666,7,.01135088,.1364016,.09529291,.07869632,.06577714,.22801846
16,93,.41917166,.19586238,.50256319,.38626088,8,.01918104,.12628488,.08785244,.09843322,.08209996,.21066024
16,94,.44912606,-.03414936,.40748473,.33452384,9,.00058309,.0830219,.10085711,-.01391534,-.01533737,.18301201
16,95,.44183119,-.11070112,.39339151,.31385198,10,.00612737,.07737844,.0976074,-.04354888,-.04891121,.17381264
16,96,.41965521,-.18246021,.51996675,.43908978,11,.01664586,.13518271,.08805525,-.09487324,-.07657038,.21820676
17,86,-1.2546019,-1.0540583,-.34643965,-.83800861,1,.5555195,.06001021,.78701293,.3651676,1.3224236,.43464383
17,87,-1.2480997,-.84866842,-.23209439,-.80559061,2,.36011905,.0269339,.77887647,.19697118,1.0592228,.28967695
17,88,-1.2667564,-.81682346,-.26278343,-.76121124,3,.33360028,.03452756,.80233587,.21464767,1.0347163,.33288258
17,89,-1.2601399,-.80864798,-.17209498,-.7352272,4,.32695577,.01480834,.79397628,.13916425,1.0190096,.21686375
17,90,-1.2651168,-.73242743,-.077226,-.74949302,5,.26822497,.00298193,.80026023,.05656244,.92660623,.09769991
17,91,-1.2832822,-.71812683,-.21055282,-.8816136,6,.25785307,.02216625,.82340655,.15120363,.92155935,.27019868
17,92,-1.3006418,-.69078272,-.45062137,-.98507994,7,.23859038,.10152981,.84583459,.31128146,.8984609,.58609701
17,93,-1.3106658,-.73380008,-.52155052,-1.1356709,8,.26923128,.13600747,.85892246,.38271382,.9617667,.68357845
17,94,-1.3139281,-.81981299,-.6298947,-1.1591541,9,.33604667,.19838367,.86320353,.51639586,1.0771753,.82763635
17,95,-1.2995257,-.76236353,-.52481495,-1.1458312,10,.29059907,.13771536,.84438348,.40009977,.99071097,.68201049
17,96,-1.3045929,-.80348003,-.3992289,-1.1235342,11,.32279008,.07969186,.85098132,.32077245,1.0482143,.52083119
18,86,1.3347641,1.1862688,1.1996312,1.1689792,1,.70361687,.71955748,.89079754,1.4230851,1.583389,1.6012246
18,87,1.4338357,1.2232332,1.1169942,1.2465177,2,.74814972,.62383797,1.0279424,1.3663443,1.7539154,1.6015861
18,88,1.4370794,1.1516449,1.023294,1.2316428,3,.66314298,.52356529,1.0325986,1.1784713,1.6550052,1.4705547
18,89,1.4397252,1.0363213,1.1200642,1.2480777,4,.53698094,.62727196,1.0364043,1.1607465,1.4920179,1.6125847
18,90,1.4286071,1.0492217,1.0380193,1.2481322,5,.55043304,.53874206,1.0204591,1.0891124,1.4989255,1.4829218
18,91,1.4147236,1.0710374,.97218555,1.2448991,6,.57356057,.47257237,1.0007215,1.0412471,1.515222,1.3753739
18,92,1.4069941,1.399537,1.0002826,1.1905836,7,.97935189,.50028261,.98981614,1.3999324,1.9691402,1.4073916
18,93,1.4022565,1.0584171,1.4498272,1.323635,8,.56012343,1.0509994,.98316171,1.5345219,1.4841724,2.0330296
18,94,1.3828791,.97319319,1.3096906,1.2719892,9,.47355249,.85764469,.95617726,1.2745819,1.3458085,1.8111437
18,95,1.3609364,.82260796,1.1794901,1.1894647,10,.33834193,.69559848,.92607389,.97025797,1.1195171,1.605211
18,96,1.3357848,.72244818,1.2313926,1.2086727,11,.26096568,.75816384,.89216056,.88961732,.96503532,1.6448755
19,86,-.28869321,-.24913791,-.40175979,-.18458549,1,.03103485,.08070546,.04167188,.10009359,.07192442,.11598532
19,87,.20245773,-.22613883,-.32765346,-.10165224,2,.02556939,.0536784,.02049457,.07409517,-.04578355,-.06633598
19,88,.17799485,-.24407465,-.2285331,-.06849051,3,.02978622,.02611369,.01584108,.05577914,-.04344403,-.04067772
19,89,.15563621,-.19721034,-.37077593,-.12250522,4,.01944596,.0687374,.01211132,.07312085,-.03069307,-.05770616
19,90,.14393477,-.21913572,-.401161,-.09565501,5,.02401023,.08046508,.01035861,.0879087,-.03154125,-.05774102
19,91,.13334426,-.27745387,-.47364802,-.0480553,6,.03849033,.11217122,.00889035,.13141548,-.03699688,-.06315824
19,92,.11106973,-.35949303,-.48070308,-.0736788,7,.06461762,.11553772,.00616824,.17280941,-.03992879,-.05339156
19,93,.09652152,-.25083142,-.40611177,-.01726681,8,.0314582,.08246338,.0046582,.10186559,-.02421063,-.03919853
19,94,.08908127,-.30034219,-.33763963,.00613368,9,.04510272,.05700026,.00396774,.10140743,-.02675487,-.03007737
19,95,.0654015,-.38678709,-.28673478,.03792462,10,.07480213,.04110842,.00213868,.11090531,-.02529646,-.01875289
19,96,.05323314,-.31876551,-.37447912,.07774659,11,.05080573,.07011731,.00141688,.11937103,-.01696889,-.0199347
20,86,-.13173636,-.16792448,-.26884628,-.19637034,1,.01409932,.03613916,.00867723,.04514587,.02212176,.03541683
20,87,-.15788011,-.47238722,-.25028171,-.03192953,2,.11157484,.03132047,.01246306,.11822988,.07458055,.0395145
20,88,-.18264176,-.23610981,-.16958052,.05538518,3,.02787392,.01437878,.01667901,.04003962,.04312351,.03097248
20,89,-.20941673,-.3228555,-.4215357,-.07271317,4,.05211784,.08884617,.02192768,.13609512,.06761134,.08827663
20,90,-.23576419,-.34170227,-.44737299,-.04035253,5,.05838022,.1000713,.02779238,.15286837,.08056116,.10547453
20,91,-.26779417,-.25891487,-.36386504,.04519589,6,.03351845,.06619888,.03585686,.09421007,.06933589,.09744094
20,92,-.26312248,-.28050463,-.41820463,.0114787,7,.03934142,.08744756,.03461672,.11730833,.07380707,.11003904
20,93,-.27789113,-.37808717,-.3189635,.09829301,8,.07147496,.05086886,.03861174,.12059601,.10506707,.08863713
20,94,-.29567054,-.35854873,-.36666371,.13412253,9,.06427859,.06722114,.04371053,.1314668,.10601229,.10841165
20,95,-.17416464,-.30034219,-.25775399,.11486972,10,.04510272,.03321856,.01516666,.0774144,.05230899,.04489163
20,96,-.17188841,-.31695314,-.32274543,.19381382,11,.05022965,.05208231,.01477281,.10229518,.05448057,.0554762
21,86,-.44767692,.28600879,-.60135088,-.49578722,1,.04090051,.18081144,.10020731,-.17199164,-.12803953,.26921091
21,87,-.45649159,.27879935,-.69883899,-.44487168,2,.03886454,.24418797,.10419229,-.19483585,-.12726956,.31901412
21,88,-.43389455,.23337177,-.65630134,-.44083739,3,.02723119,.21536573,.09413224,-.15316221,-.10125874,.28476557
21,89,-.43313525,.08745518,-.70956246,-.32470835,4,.0038242,.25173944,.09380307,-.06205492,-.03787992,.30733651
21,90,-.46156591,-.04340393,-.64738215,-.22631667,5,.00094195,.20955183,.10652154,.02809893,.02003377,.29880953
21,91,.08122024,.04392307,-.64649901,-.15283033,6,.00096462,.20898048,.00329836,-.02839622,.00356744,-.05250881
21,92,.06655601,-.06745108,-.63654416,-.13718862,7,.00227482,.20259424,.00221485,.04293559,-.00448928,-.04236584
21,93,.041993,-.150526,-.4626681,-.09788058,8,.01132904,.10703089,.00088171,.06964358,-.00632104,-.01942882
21,94,.01868038,-.18642533,-.54200102,-.12531523,9,.0173772,.14688255,.00017448,.10104272,-.0034825,-.01012478
21,95,.01706916,-.17261568,-.52235588,-.10847888,10,.01489809,.13642783,.00014568,.09016682,-.0029464,-.00891618
21,96,-.00774804,-.15475111,-.50049224,.01764566,11,.01197395,.12524624,.00003002,.07745173,.00119902,.00387783
22,86,-.08900684,.20959256,-.61805599,-.49177064,1,.02196452,.1909966,.00396111,-.12953994,-.01865517,.05501121
22,87,.28392655,.09497961,-.24829388,-.26055635,2,.00451056,.03082493,.04030714,-.02358286,.02696723,-.07049723
22,88,.27582366,.06577163,.04764813,-.02013961,3,.00216295,.00113517,.03803934,.00313389,.01814137,.01314248
22,89,.25209125,.07560272,-.00305974,.00241432,4,.00285789,4.681e-06,.031775,-.00023132,.01905878,-.00077133
22,90,.2327046,.03695658,-.04841119,.01238971,5,.00068289,.00117182,.02707572,-.00178911,.00859997,-.01126551
22,91,.23752382,.13840097,.0664958,.01481456,6,.00957741,.00221085,.02820878,.00920308,.03287353,.01579434
22,92,.21862969,.044554,.07786156,.05104948,7,.00099253,.00303121,.02389947,.00346904,.00974083,.01702285
22,93,.23000772,.0907729,.08291125,.0694079,8,.00411986,.00343714,.02645178,.00752609,.02087847,.01907023
22,94,.21518571,.04549953,.09019886,.06583775,9,.0010351,.00406792,.02315244,.00410401,.00979085,.01940951
22,95,.19167173,.07131352,.08385434,.1045905,10,.00254281,.00351578,.01836903,.00597995,.01366879,.01607251
22,96,.19769848,-.06357857,-.02493695,.0732627,11,.00202112,.00031093,.01954234,.00158546,-.01256939,-.00493
23,86,-.96507446,-.56484585,-2.8169551,-2.2030238,1,.15952541,3.9676179,.46568435,1.5911454,.5451183,2.7185714
23,87,-.5937475,-.57124683,-2.6929604,-2.2593563,2,.16316147,3.6260179,.17626805,1.5383451,.33917638,1.5989385
23,88,-.62276237,-.47503488,-2.3563581,-1.7250561,3,.11282907,2.7762116,.19391649,1.1193523,.29583385,1.4674511
23,89,-.64884692,-1.1660634,-2.1953409,-1.6421082,4,.67985189,2.4097607,.21050116,2.5599066,.75659663,1.4244402
23,90,-.67787591,-1.2464588,-2.0165219,-1.5178649,5,.77682982,2.0331804,.22975788,2.5135116,.84494443,1.3669516
23,91,-.70585771,-1.2115258,-1.6024666,-1.1719662,6,.73389739,1.2839497,.24911755,1.9414297,.85516483,1.1311134
23,92,-.73134166,-1.0437053,-1.4746394,-1.008869,7,.54466035,1.0872807,.26743031,1.5390889,.76330515,1.0784652
23,93,-.75024053,-1.0493391,-1.5485324,-1.1877181,8,.55055629,1.1989763,.28143043,1.6249356,.78725674,1.1617717
23,94,-.77433094,-1.0233153,-1.5217706,-1.0084724,9,.52358711,1.1578929,.2997942,1.5572512,.79238471,1.1783541
23,95,-.79141429,-1.3439504,-1.9025999,-1.5253926,10,.90310128,1.8099433,.31316829,2.5569999,1.0636215,1.5057448
23,96,-.80506661,-1.4834595,-2.1748502,-1.6240902,11,1.100326,2.3649866,.32406612,3.2263021,1.1942837,1.7508993
24,86,.39874388,.307088,.37478789,.5319328,1,.04715152,.07023298,.07949834,.11509286,.12244946,.14944438
24,87,.37118451,.28029517,.25482946,.52833719,2,.03928269,.03246903,.06888897,.07142747,.10404123,.09458875
24,88,.35210275,.3179433,.34111725,.51669595,3,.05054397,.05818049,.06198817,.10845594,.11194871,.12010832
24,89,.3325903,.38498285,.3237606,.58548301,4,.0741059,.05241046,.05530816,.12464228,.12804156,.10767964
24,90,.31511052,.31192712,.30273198,.63818775,5,.04864926,.04582333,.04964732,.09443032,.09829152,.09539403
24,91,.30518662,.27053174,.37576233,.66300607,6,.03659371,.07059866,.04656944,.10165564,.08256267,.11467763
24,92,.29256712,.2619415,.37957154,.6511244,7,.03430667,.07203728,.04279776,.09942554,.07663547,.11105015
24,93,.30107473,.1449827,.3945714,.67159263,8,.01050999,.07784329,.045323,.05720603,.04365063,.11879548
24,94,.36129348,.15491609,.47504996,.71383662,9,.0119995,.11283623,.06526649,.07359288,.05597017,.17163246
24,95,.44811757,-.12032369,.45125959,.7319145,10,.0072389,.10181761,.10040468,-.05429722,-.05391916,.20221735
24,96,.43655278,-.328335,.30936095,.66567289,11,.05390193,.0478521,.09528916,-.10157403,-.14333555,.13505238
25,86,.75674592,.78542455,1.0455386,.05022522,1,.30844586,.54657544,.28633219,.82119165,.59436682,.79120704
25,87,.73771035,.73549119,-.27835105,.13081624,2,.27047364,.03873965,.27210828,-.20472474,.54257946,-.20534245
25,88,.73321074,.64836486,.16614784,.16572836,3,.2101885,.01380255,.26879899,.10772442,.47538808,.12182138
25,89,.73366491,.74289109,.49947624,.2409998,4,.27594358,.12473826,.2691321,.37105645,.54503312,.36644819
25,90,.71625183,.68309944,.39551119,.02869384,5,.23331242,.07821455,.25650834,.27017348,.48927122,.28328561
25,91,.71583726,.70141524,.25135866,-.00779239,6,.24599167,.03159059,.25621149,.1763068,.50209916,.1799319
25,92,.74817987,.61148623,.13691126,-.10982078,7,.1869577,.00937235,.27988656,.08371935,.45750169,.10243425
25,93,.73811912,.44696596,-.44304216,-.19293029,8,.09988929,.09814318,.27240992,-.19802476,.32991413,-.32701789
25,94,.74533316,.32796959,-.94391408,-.21878806,9,.05378203,.4454869,.27776076,-.30957511,.24444661,-.70353046
25,95,.74701931,.32963095,-.23649801,-.31957341,10,.05432828,.02796566,.27901892,-.07795707,.24624069,-.17666858
25,96,.71733527,.14069515,-.52964657,-.34149369,11,.00989756,.14026274,.25728495,-.07451871,.1009256,-.37993417
26,86,-1.7459832,-1.1950509,-1.6175434,-1.8786886,1,.71407336,1.3082233,1.5242286,1.9330467,2.0865388,2.8242035
26,88,-1.7886905,-1.6857465,-1.4956032,-1.6258112,3,1.4208706,1.1184145,1.5997069,2.5212079,3.0152787,2.6751713
26,89,-1.8168983,-1.5542188,-1.3463333,-1.3692358,4,1.2077981,.90630668,1.6505596,2.0924966,2.8238575,2.4461506
26,90,-1.7978759,-1.5636234,-1.4266402,-1.3493848,5,1.222459,1.0176511,1.6161788,2.2307279,2.8112007,2.564922
26,91,-1.8098998,-1.5604786,-1.4767296,-1.3867929,6,1.2175468,1.0903652,1.6378686,2.304405,2.8243099,2.6727326
26,92,-1.8262996,-1.5084792,-1.3196471,-1.3037323,7,1.1377547,.87073427,1.667685,1.9906602,2.7549349,2.410071
26,93,-1.8425398,-1.5542188,-1.3324483,-1.3659925,8,1.2077981,.8877092,1.6974765,2.0709162,2.8637101,2.455089
26,94,-1.8720152,-1.5326131,-1.1855859,-1.2572191,9,1.1744515,.70280695,1.7522204,1.8170445,2.869075,2.2194348
26,95,-1.8798116,-1.3669693,-1.2282804,-1.2115133,10,.93430252,.75433638,1.7668459,1.6790216,2.5696448,2.3089358
26,96,-1.892179,-1.2814683,-1.2673074,-1.1668521,11,.82108056,.80303402,1.7901707,1.6240143,2.4247675,2.3979724
27,86,-.25635926,-.66994867,-.75107679,-.62359474,1,.22441561,.28205818,.03286004,.5031829,.17174755,.19254549
27,87,-.28053937,-.61968682,-.70435781,-.49252654,2,.19200588,.24805997,.03935117,.43648125,.17384655,.19760009
27,88,-.27801235,-.60327805,-.70003345,-.51165795,3,.1819722,.24502342,.03864543,.42231482,.16771875,.19461794
27,89,-.29958041,-.67706145,-.6408799,-.46898653,4,.2292061,.20536353,.04487421,.43391508,.20283435,.19199506
27,90,-.31052407,-.54361116,-.7908988,-.36940943,5,.14775655,.31276046,.0482126,.42994142,.16880435,.24559312
27,91,-.31057236,-.57534157,-.71760221,-.49049794,6,.16550896,.25747647,.04822759,.41286639,.17868519,.22286741
27,92,-.32984735,-.70870555,-.73040017,-.48719166,7,.25113178,.26674221,.05439964,.51763865,.23376464,.24092056
27,93,-.32097115,-.78162921,-.65902397,-.41671935,8,.30547211,.2171563,.05151124,.51511238,.25088043,.21152768
27,94,-.32329591,-.75672575,-.51142215,-.30099867,9,.28631693,.13077631,.05226012,.38700631,.24464634,.16534069
27,95,-.34562908,-.65080317,-.56807486,-.357465,10,.21177239,.16135453,.05972973,.36970492,.2249365,.19634319
27,96,-.34901497,-.4173464,-.60844976,-.28420809,11,.08708901,.18510556,.06090572,.25393432,.14566014,.21235808
28,86,1.1601263,1.1432714,1.0278682,.75751055,1,.65353471,.52825647,.67294653,1.1751322,1.3263392,1.1924569
28,87,1.1428882,1.099111,1.5294938,1.0320902,2,.60402251,1.1696757,.65309673,1.6810835,1.256161,1.7480405
28,88,1.1355559,1.0033832,1.3785929,.82874521,3,.50338896,.95025915,.64474363,1.383257,1.1393978,1.5654693
28,89,1.1173144,1.034448,1.23355,.76793487,4,.53504129,.76082279,.62419571,1.2760433,1.1558036,1.3782631
28,90,1.0962458,1.0022947,.87288435,.57948292,5,.50229734,.38096354,.60087742,.87488736,1.0987614,.9568958
28,91,1.0775532,.99622521,.96432387,.57451032,6,.49623234,.46496026,.5805605,.96068375,1.0734857,1.0391103
28,92,1.0749461,.75256956,1.2776,.78485352,7,.28318047,.81613093,.5777546,.9614829,.80897174,1.3733512
28,93,1.0677673,.73675464,1.2585986,.72907353,8,.2714037,.79203522,.5700635,.92727836,.7866825,1.3438904
28,94,1.0645793,.74084975,1.3327064,.86011626,9,.27442917,.8880532,.56666452,.98733521,.78869329,1.4187716
28,95,1.0677171,.52678151,.91926166,.67640516,10,.13874938,.422521,.5700099,.48425004,.56245363,.98151139
28,96,1.0537044,.3310527,.78061323,.46895204,11,.05479794,.30467851,.55514648,.25842411,.34883168,.82253559
29,86,-.15201704,.18687662,.07649875,-.00782304,1,.01746144,.00292603,.01155459,.01429583,-.02840843,-.01162911
29,87,-.16538028,.08654841,.16525314,.18733655,2,.00374531,.0136543,.01367532,.0143024,-.0143134,-.02732961
29,88,-.17552286,.0688542,.24110964,.19296522,3,.00237045,.02906693,.01540414,.01660141,-.01208549,-.04232025
29,89,-.19806031,-.00456737,.13327511,.18199822,4,.00001043,.00888113,.01961394,-.00060872,.00090461,-.02639651
29,90,-.21380662,.02705711,.06326695,.12812104,5,.00036604,.00200135,.02285663,.00171182,-.00578499,-.01352689
29,91,-.22038091,.09707641,.32128744,.18743003,6,.00471191,.05161281,.02428387,.03118943,-.02139379,-.07080562
29,92,-.22156458,.06793039,.3040067,.18895947,7,.00230727,.04621004,.02454543,.02065129,-.01505097,-.06735712
29,93,-.08895001,.10660594,.33022991,.16340219,8,.00568241,.0545259,.00395605,.03520447,-.0094826,-.02937396
29,94,-.10160643,-.08812185,.33461894,.17566662,9,.00388273,.05598492,.00516193,-.02948724,.00895375,-.03399944
29,95,-.10471374,-.05622686,.3946649,.24812215,10,.00158073,.07788019,.00548248,-.02219077,.00588772,-.04132684
29,96,-.12006749,-.1651981,.30477985,.27434275,11,.01364521,.04644538,.0072081,-.05034905,.01983492,-.03659415
30,86,1.4561943,1.874369,1.6809061,1.7223367,1,1.7566296,1.4127226,1.0602509,3.1506383,2.7294455,2.4477258
30,87,1.4500807,1.7426575,1.6669655,1.6736127,2,1.5184276,1.389387,1.051367,2.90495,2.526994,2.4172345
30,88,1.4330955,1.6981008,1.6981313,1.6914545,3,1.4417731,1.441825,1.0268814,2.8835981,2.4335407,2.4335844
30,89,1.409771,1.5769249,1.7333302,1.7105723,4,1.2433461,1.5022167,.99372714,2.7333315,2.223103,2.4435986
30,90,1.390967,1.5284923,1.4065184,1.6797491,5,1.1681444,.98914701,.96739453,2.1498526,2.1260823,1.9564206
30,91,1.3729577,1.3613992,1.4735715,1.6569653,6,.92670392,1.0857065,.94250646,2.0061191,1.8691436,2.0231513
30,92,1.3541003,.91377492,1.561761,1.6093765,7,.41749231,1.2195487,.91679386,1.4270981,1.2373429,2.1147811
30,93,1.3354137,1.1392692,1.5912048,1.6116859,8,.64896721,1.2659664,.89166482,1.8128107,1.5213957,2.1249166
30,94,1.314103,1.0350338,1.6228408,1.5940995,9,.53564744,1.3168061,.86343333,1.679695,1.360141,2.1325799
30,95,1.2909537,.92036425,1.5268437,1.5970513,10,.42353517,1.1656258,.83328077,1.4052523,1.1881477,1.9710845
30,96,1.2965752,.85383591,1.5187056,1.6838245,11,.36451788,1.1532334,.84055358,1.2967254,1.1070624,1.969116
31,86,.58124198,1.0650314,.78116745,.6355014,1,.56714589,.30511129,.16892112,.83196782,.61904093,.45404731
31,87,.55147356,.95089314,.70372083,.72590707,2,.45209888,.2476115,.15206154,.66916331,.52439242,.38808343
31,88,.65138638,.83470134,.74010795,.73839128,3,.34836316,.27387989,.21215211,.61776909,.54371309,.48209624
31,89,.65900774,.74899011,.84134357,.86673216,4,.28049309,.3539295,.2171456,.63015801,.49359028,.55445192
31,90,.67054807,.7400635,.42969192,.59923562,5,.273847,.09231757,.22481736,.31799931,.49624815,.28812908
31,91,.71381112,.71166337,.74806266,.70779949,6,.25323238,.27979887,.25476316,.5323688,.50799323,.53397545
31,92,.70639741,.5724516,.66890539,.70857361,7,.16385041,.22371721,.24949865,.38291596,.40437832,.47251303
31,93,.71007933,.55764758,.79618678,.77418322,8,.15548541,.3169567,.25210633,.44399163,.39597402,.56535577
31,94,.61857586,.31890246,.71473743,.70049169,9,.05084939,.2554248,.19131805,.22793153,.19726537,.44211932
31,95,.6718008,.39169126,.72015367,.77131458,10,.07671102,.25931065,.22565816,.2820779,.2631385,.48379981
31,96,.76610947,-.00159068,.68413995,.79035471,11,1.265e-06,.23402374,.29346186,-.00108825,-.00121864,.5241261
32,86,.0987215,.18578191,-.10655277,-.15664524,1,.01725746,.00567675,.00487297,-.01979558,.01834067,-.01051905
32,87,.0758213,.25889187,-.28321937,-.04567752,2,.0335125,.04010661,.00287443,-.07332319,.01962952,-.02147406
32,88,.24417406,.47031004,.08348572,.18096636,3,.11059577,.00348493,.02981049,.03926417,.11483751,.02038505
32,89,.19993967,.43038039,.00035162,.20796611,4,.09261364,6.182e-08,.01998794,.00015133,.08605011,.0000703
32,90,.16440987,.23571884,-.26480029,.11141067,5,.02778168,.0350596,.0135153,-.06241842,.0387545,-.04353578
32,91,.16846945,.27830021,-.01217762,.18894166,6,.0387255,.00007415,.01419098,-.00338903,.04688508,-.00205156
32,92,.1695707,.30222534,-.12998406,.16956767,7,.04567008,.00844793,.01437711,-.03928448,.05124856,-.02204149
32,93,.1895199,.36114246,-.05515659,.21529007,8,.06521194,.00152112,.0179589,-.01991939,.06844368,-.01045327
32,94,.18774486,-.01388525,.07497679,.30708418,9,.0000964,.00281076,.01762407,-.00104107,-.00260688,.01407651
32,95,.19217839,-.0209311,.12722605,.33263915,10,.00021906,.00809323,.01846627,-.00266298,-.00402251,.0244501
32,96,.18010417,-.20608491,.00025145,.37234638,11,.0212355,3.161e-08,.01621876,-.00005182,-.03711675,.00004529
33,86,-.84113045,-1.1618395,-.72448163,-.68003686,1,.67493552,.26243681,.35375022,.84173138,.97725859,.60938355
33,87,-.85371329,-1.197232,-.77987698,-.66398497,2,.71668223,.30410405,.36441319,.93369368,1.0220929,.66579134
33,88,-.88710087,-1.1430498,-.71569262,-.697451,3,.65328142,.25610796,.39347397,.81807231,1.0140005,.63489155
33,89,-.89086238,-1.120554,-.79435539,-.71665344,4,.62782059,.31550024,.39681789,.89011808,.99825937,.70766133
33,90,-.91639587,-1.1135011,-.77255708,-.61872331,5,.61994232,.29842222,.4198907,.86024314,1.0204078,.70796812
33,91,-.93886382,-1.1296957,-.77409366,-.54201287,6,.63810622,.2996105,.44073264,.87449031,1.0606305,.72676854
33,92,-.96673075,-1.0446421,-.87087918,-.59718452,7,.54563851,.37921527,.46728417,.90975702,1.0098876,.84190569
33,93,-.9749158,-1.0770258,-.76964072,-.57116866,8,.57999231,.29617342,.47523041,.82892293,1.0500095,.7503349
33,94,-1.0017193,-1.1852947,-.82225388,-.5445758,9,.70246182,.33805072,.50172073,.9746132,1.1873326,.82366754
33,95,-1.0261946,-1.0242332,-.80094398,-.48238768,10,.52452681,.32075563,.52653767,.82035341,1.0510626,.82192438
33,96,-1.0402275,-1.0251519,-.94425089,-.43957282,11,.52546821,.44580487,.54103665,.96800059,1.0663912,.98223576
34,86,-.07809359,.08926616,-.13157404,-.20876995,1,.00398422,.00865586,.0030493,-.01174511,-.00697111,.01027509
34,87,-.07515601,.07008461,-.13158284,-.1552634,2,.00245593,.00865702,.00282421,-.00922193,-.00526728,.00988924
34,88,-.06527954,.02061792,.04215073,-.01527158,3,.00021255,.00088834,.00213071,.00086906,-.00134593,-.00275158
34,89,-.05939357,-.02194167,.25457853,.12878639,4,.00024072,.03240511,.0017638,-.00558588,.00130319,-.01512033
34,90,-.05354904,.09497961,.12513353,.0216578,5,.00451056,.0078292,.00143375,.01188513,-.00508607,-.00670078
34,91,-.06063733,.1761519,.15938187,.01376164,6,.01551475,.01270129,.00183844,.02807542,-.01068138,-.00966449
34,92,.43176792,.11663256,.1166508,.10221125,7,.00680158,.0068037,.09321177,.01360528,.0503582,.05036607
34,93,.42652623,.10185253,.2188863,.2057927,8,.00518697,.02395561,.09096231,.02229412,.04344277,.09336075
34,94,.41215892,-.04099638,.23826521,.23915271,9,.00084035,.02838515,.08493749,-.00976801,-.01689702,.09820313
34,95,.3830568,-.06042122,.20690063,.2611809,10,.00182536,.02140394,.07336625,-.01250119,-.02314476,.07925469
34,96,.38403737,-.20973826,.15606407,.28445345,11,.02199507,.012178,.07374235,-.03273261,-.08054733,.05993444
35,86,-.62087558,-.28444079,-.15031611,-.42481114,1,.04045328,.01129747,.19274324,.04275603,.17660234,.0933276
35,87,-.63515165,-.36803199,-.09060401,-.41217567,2,.06772377,.00410454,.20170881,.03334518,.23375612,.05754729
35,88,-.62498743,-.25848778,-.15400454,-.45257064,3,.03340797,.0118587,.19530464,.03980829,.16155161,.0962509
35,89,-.58849396,-.57945316,.08640264,-.30657852,4,.16788298,.00373271,.17316257,-.05006628,.34100469,-.05084743
35,90,-.59891806,-.4329835,-.00783354,-.46232703,5,.09373736,.00003068,.17935142,.00339179,.25932164,.00469165
35,91,-.60973276,-.49918418,-.25939103,-.63270951,6,.12459242,.03364185,.18588702,.1294839,.30436895,.15815921
35,92,-.52715085,-.57066321,-.29786436,-.66563028,7,.16282825,.04436159,.13894401,.16998024,.3008256,.15701945
35,93,-.54715148,-.51175605,-.38146402,-.90771608,8,.13094713,.0727574,.14968737,.19521652,.28000808,.2087186
35,94,-.42765476,-.71677552,-.55886744,-.87975617,9,.25688357,.15616641,.0914443,.4005825,.30653246,.23900232
35,95,-.43401916,-.76803327,-.4046205,-.80484522,10,.29493755,.08185887,.09418632,.310762,.33334115,.17561305
35,96,-.44842655,-.8760032,-.41137787,-.9524798,11,.3836908,.08461587,.10054319,.36036833,.39282309,.18447276
36,86,.46775783,.64698463,.48553934,.56096732,1,.20929456,.11787422,.1093987,.31413649,.30263213,.22711483
36,87,.44577322,.40563421,.31403378,.46454172,2,.08226956,.04930861,.09935688,.12738284,.18082087,.13998785
36,88,.42676374,.31890246,.40603244,.49890258,3,.05084939,.08243117,.09106365,.12948475,.13609601,.17327992
36,89,.40334767,.0798736,.45197595,.59252815,4,.0031899,.10214113,.08134467,.03610095,.03221683,.18230345
36,90,.39920625,.2540443,.17641526,.39208486,5,.03226925,.01556117,.07968282,.04481729,.10141607,.07042608
36,91,.38480925,.13379666,.22225546,.40627027,6,.00895077,.02469875,.07403908,.02973704,.05148619,.08552596
36,92,.36182818,.17973957,.45649781,.62531017,7,.01615316,.10419513,.06545982,.08205072,.06503484,.16517377
36,93,.34659567,.17199621,.45710797,.64926491,8,.01479135,.10447385,.06006428,.07862084,.05961314,.15843164
36,94,.33422436,.23935906,.28905215,.44318878,9,.02864638,.04177557,.05585296,.06918725,.07999963,.09660827
36,95,.31257059,.08654841,.47292441,.55634346,10,.00374531,.11182875,.04885019,.04093086,.02705249,.14782226
36,96,.2967042,.06608032,.43934992,.61185839,11,.0021833,.09651418,.04401669,.02903239,.01960631,.13035697
37,86,-1.3578686,-1.3276491,-.93531459,-1.2746296,1,.88132601,.43740669,.92190352,1.2417695,1.8027729,1.2700343
37,87,-1.3838409,-1.4618914,-.99135421,-1.243586,2,1.0685633,.49139158,.9575078,1.4492522,2.0230252,1.3718765
37,88,-1.0579777,-1.3490201,-.88360995,-1.0335089,3,.90992757,.39038327,.55965844,1.1920075,1.4272332,.93483965
37,89,-1.0824863,-1.4146604,-.80130461,-.94806481,4,1.000632,.32104454,.58588829,1.1335739,1.5313505,.86740126
37,90,-1.1036476,-1.2441679,-.85294058,-1.0049913,5,.77397694,.36375382,.60901901,1.0612013,1.373123,.94134582
37,91,-1.1226832,-1.1831396,-.88446819,-1.0145994,6,.69990969,.39114199,.63020881,1.0464494,1.328291,.99297759
37,92,-1.1151894,-1.0965768,-.88029585,-1.0910657,7,.60124038,.38746039,.62182367,.96531204,1.2228908,.98169658
37,93,-1.121732,-1.1471949,-1.3005353,-1.4817427,8,.65802804,.84569598,.62914129,1.4919674,1.2868451,1.458852
37,94,-1.1343106,-1.4590505,-1.414865,-1.5240532,9,1.0644142,1.0009215,.64333022,2.0643596,1.6550164,1.6048963
37,95,-1.1388911,-1.7109731,-1.5915051,-1.6212424,10,1.4637144,1.2664443,.64853651,2.7230224,1.9486121,1.8125511
37,96,-1.1469554,-1.8310397,-1.6712545,-1.7118458,11,1.6763531,1.3965458,.65775332,3.0601333,2.1001208,1.9168544
38,86,-1.6685733,-1.5280434,-1.616689,-2.0043872,1,1.1674583,1.3068417,1.3920684,2.4703709,2.5496524,2.6975641
38,87,-1.6923938,-1.4562176,-1.5577487,-2.0233478,2,1.0602849,1.2132905,1.4320985,2.2684211,2.4644937,2.6363243
38,88,-1.7199222,-1.3301397,-1.5210648,-1.8827747,3,.88463575,1.1568191,1.4790661,2.0232286,2.2877367,2.6161131
38,89,-1.7316953,-1.3490201,-1.4128684,-1.8694689,4,.90992757,.99809856,1.4993843,1.9059878,2.3360917,2.4466576
38,90,-1.7601759,-1.4092477,-1.7445965,-2.2421446,5,.99298953,1.5218085,1.5491095,2.4585686,2.4805238,3.0707966
38,91,-1.7775454,-1.5827018,-2.0762893,-2.6024609,6,1.2524725,2.1554886,1.5798338,3.2861468,2.8133243,3.6906984
38,92,-1.7727546,-1.5099706,-2.3071613,-2.6900813,7,1.1400057,2.6614966,1.5713294,3.4837458,2.6768073,4.0900307
38,93,-1.7936915,-1.6473473,-2.6169995,-3.1245638,8,1.3568766,3.4243433,1.6086645,4.3111071,2.9548328,4.6940897
38,94,-1.8221452,-1.6473473,-2.7552163,-3.2279248,9,1.3568766,3.7956085,1.6601067,4.5387982,3.0017061,5.0204043
38,95,-1.9251249,-1.9817669,-2.5322425,-3.1514792,10,1.9636999,3.2061259,1.8530529,5.0183142,3.8151487,4.8748829
38,96,-1.9530921,-1.8289842,-2.6285714,-3.2961869,11,1.6725916,3.4546938,1.9072844,4.8076156,3.5721746,5.133842
39,86,.93649259,1.0750965,.82823865,.26401007,1,.57791625,.34298963,.43850919,.89043648,1.0068199,.77563936
39,87,.91356984,1.1894856,.83101577,.32315807,2,.70743794,.34529361,.41730493,.98848126,1.0866781,.75919095
39,88,.89715835,1.1919914,.92630367,.49185203,3,.71042178,.42901925,.40244655,1.104146,1.0694051,.83104107
39,89,.89037176,1.0857295,1.0993748,.63174997,4,.5894043,.60431242,.39638093,1.1936236,.9667029,.97885223
39,90,.88771392,1.1204138,1.0327783,.53906947,5,.62766357,.53331548,.394018,1.1571391,.99460694,.91681165
39,91,.87523177,1.0579594,1.0076988,.38481503,6,.55963901,.50772845,.38301533,1.0661044,.92595965,.88197002
39,92,.88072519,1.1279133,.77678887,.17822133,7,.63609423,.30170048,.38783843,.87615052,.99338167,.68413753
39,93,.88095621,1.1043701,.56474182,.02854139,8,.60981666,.15946666,.38804192,.62368398,.9729017,.49751282
39,94,.84821809,.96065542,.44284072,-.08394082,9,.46142942,.09805395,.35973696,.42541734,.81484531,.37562551
39,95,.85076086,.61808339,.29687246,-.0351646,10,.19101354,.04406663,.36189702,.18349193,.52584116,.25256747
39,96,.83111204,.50074457,.24072802,-.34685184,11,.12537256,.02897499,.34537361,.12054325,.41617484,.20007196
40,86,-.65630908,-.52839541,-.26188167,-.44821606,1,.13960085,.034291,.2153708,.13837707,.34679071,.17187532
40,87,-.64958153,-.5150618,-.25055893,-.41286924,2,.13264433,.03138989,.21097808,.12905334,.33457464,.16275845
40,88,-.65719856,-.52839541,-.17212244,-.33550315,3,.13960085,.01481307,.21595497,.09094871,.3472607,.11311862
40,89,-.63778741,-.52727744,-.24371027,-.42826996,4,.13901075,.02969735,.20338639,.12850293,.33629092,.15543534
40,90,-.5653094,-.4540477,-.49498957,-.63514087,5,.10307966,.12250734,.15978736,.22474887,.25667743,.27982226
40,91,-.56433072,-.45768877,-.37496121,-.56950399,6,.10473951,.07029795,.15923458,.17161554,.25828783,.21160213
40,92,-.52598417,-.28094123,-.53857444,-.71657902,7,.03946399,.14503121,.13832967,.15130776,.14777064,.28328163
40,93,-.528803,-.43196722,-.30811177,-.4664664,8,.09329784,.04746643,.1398163,.13309418,.22842556,.16293043
40,94,-.54093514,-.54474755,-.40611177,-.55502807,9,.14837495,.08246338,.14630541,.22122839,.29467309,.21968012
40,95,-.51847558,-.49430744,-.52305786,-.38212271,10,.12216992,.13679476,.13440846,.25855139,.25628634,.27119273
40,96,-.52649712,-.58063104,-.54876953,-.40174895,11,.1685662,.150574,.13859961,.31863262,.30570057,.28892558
41,86,.77736513,.63009554,.63176503,.8080819,1,.19851019,.19956352,.30214827,.39807233,.4898143,.4911121
41,87,.74924602,.65283763,.35598818,.56060536,2,.21309849,.06336379,.2806848,.23240248,.489136,.26672273
41,88,.73195128,.66901229,.35652794,.57375381,3,.22378872,.06355608,.26787634,.23852157,.4896844,.26096108
41,89,.7124136,.47872123,.44490764,.66341342,4,.11458701,.0989714,.25376657,.21298673,.34104752,.31695825
41,90,.71832264,.66647573,.41358382,.70414438,5,.22209495,.08552579,.25799371,.27564358,.47874461,.29708662
41,91,.70527854,.32033962,.43185622,.67408355,6,.05130874,.0932499,.24870891,.13834066,.22592866,.30457893
41,92,.73755483,.53105587,.51564532,.76587482,7,.14101017,.13294505,.27199357,.27383647,.39168282,.3803167
41,93,.73377111,.40958245,.69072892,.92783474,8,.08387889,.23855322,.26921002,.28291045,.30053977,.50683693
41,94,.73793776,.51207109,.65309423,.88642822,9,.1311084,.21326604,.27227607,.33443067,.37787659,.48194289
41,95,.76522018,.2872466,.68401162,.87645215,10,.0412553,.23393595,.29278096,.19648001,.21980689,.52341949
41,96,.75273158,.33389031,.79897103,1.1036008,11,.05574137,.31917736,.28330241,.26676868,.25132978,.60141073
42,86,-1.0748264,-1.6751269,-1.8143364,-1.8671196,1,1.4030251,1.6459084,.57762593,3.0392438,1.8004707,1.9500968
42,87,-1.1029575,-1.6681093,-1.7618613,-1.6813625,2,1.3912944,1.5520776,.60825763,2.9389773,1.8398537,1.9432582
42,88,-1.1245749,-1.6422235,-1.6250308,-1.6649829,3,1.3484491,1.3203626,.6323343,2.6686639,1.8468033,1.8274688
42,89,-1.1426325,-1.6507778,-1.276243,-1.300337,4,1.3625338,.81439812,.6528045,2.1067937,1.8862324,1.4582767
42,90,-1.1744303,-1.6733679,-1.4968421,-1.5039087,5,1.40008,1.1202681,.68964326,2.5047675,1.9652539,1.7579367
42,91,-1.2024127,-1.6893115,-1.3474893,-1.5536724,6,1.4268867,.90786364,.72289815,2.2763291,2.0312496,1.6202382
42,92,-1.2273249,-1.4519834,-1.1374746,-1.4217957,7,1.0541278,.64692423,.75316322,1.6515942,1.7820554,1.3960509
42,93,-1.2410579,-1.4449658,-1.0483,-1.4712723,8,1.043963,.54946649,.7701123,1.5147577,1.7932861,1.301001
42,94,-1.2666936,-1.4187393,-1.1165409,-1.3872947,9,1.0064106,.62333178,.80225631,1.5840804,1.797108,1.4143152
42,95,-1.2872973,-1.3721574,-1.3751222,-1.460405,10,.94140791,.94548055,.8285672,1.8868841,1.7663745,1.7701911
42,96,-1.293419,-1.3553936,-1.1353614,-1.417142,11,.91854589,.64452275,.83646637,1.5388616,1.7530918,1.468498
43,86,-1.8831,-2.1507803,-1.9991302,-1.8759883,1,2.3129279,1.9982608,1.7730328,4.2996898,4.0501343,3.7645621
43,87,-1.8535197,-2.0718277,-2.1577005,-1.8623181,2,2.1462351,2.3278358,1.7177677,4.4703838,3.8401736,3.9993406
43,88,-1.8658786,-2.0903223,-2.1424806,-1.8347497,3,2.1847236,2.2951115,1.7407516,4.4784749,3.9002877,3.9976087
43,89,-1.8805946,-2.1395126,-2.2373377,-1.7395189,4,2.288757,2.50284,1.7683181,4.7868121,4.0235558,4.2075253
43,90,-1.8681038,-2.1367154,-2.2506397,-1.7887349,5,2.2827763,2.5326896,1.7449059,4.8089765,3.9916061,4.2044286
43,91,-1.7612631,-2.1708096,-2.2526907,-1.7935204,6,2.3562071,2.5373077,1.5510239,4.8901626,3.8233668,3.9675811
43,92,-1.7807236,-2.1311443,-2.1745789,-1.765054,7,2.2708879,2.3643966,1.5854883,4.6343413,3.7949789,3.8723239
43,93,-1.801153,-2.1010462,-2.1004273,-1.7586189,8,2.2071976,2.2058974,1.622076,4.4130949,3.7843057,3.7831909
43,94,-1.822679,-2.1479514,-2.0528403,-1.6870616,9,2.3068476,2.1070766,1.6610794,4.4094011,3.9150259,3.7416688
43,95,-1.8402732,-2.1256041,-2.079614,-1.7367852,10,2.2590964,2.1623972,1.6933028,4.420436,3.9116923,3.8270579
43,96,-1.8784573,-2.1679236,-2.2136477,-1.7988926,11,2.3499463,2.450118,1.764301,4.799019,4.0723519,4.1582427
44,86,.51692144,-.0478906,.56498717,.41462918,1,.00114675,.15960525,.13360389,-.02705757,-.02475568,.29205398
44,87,.49142488,-.31063538,.27162911,.35320084,2,.04824717,.03689119,.1207492,-.08437761,-.15265395,.1334853
44,88,.457411,-.331086,.36104505,.33702464,3,.05480897,.06517676,.10461241,-.11953696,-.15144238,.16514598
44,89,.40674614,-.34123842,.30722042,.36441911,4,.05822183,.04719219,.08272121,-.10483541,-.13879741,.12496072
44,90,.37115627,-.22862225,.40526183,.43683506,5,.02613407,.08211857,.06887849,-.09265187,-.08485458,.15041547
44,91,.34121694,-.28181499,.21425609,.42159378,6,.03970984,.02295284,.0582145,-.06038058,-.09616005,.07310781
44,92,.31562612,-.30212468,.41967127,.51852239,7,.04563966,.08806199,.04980993,-.12679305,-.09535844,.13245922
44,93,.27015486,-.28268944,.75604508,.49549578,8,.03995666,.28580208,.03649182,-.21372596,-.07636992,.20424925
44,94,.24201259,-.265773,.57282419,.52234963,9,.03531764,.16406378,.02928505,-.15224121,-.06432041,.13863066
44,95,.21616633,-.24113287,.54870353,.60196424,10,.02907253,.15053778,.02336394,-.13231046,-.05212481,.11861123
44,96,.1898566,-.29235988,.61472563,.39042306,11,.04273715,.1889438,.01802276,-.17972111,-.05550645,.11670972
45,86,.03072913,.20664709,.14153829,.21968649,1,.02135151,.01001654,.00047214,.02924847,.00635009,.00434935
45,87,.00125121,-.51451007,-.01142111,.17662625,2,.13236031,.00006522,7.828e-07,.00587627,-.00064376,-.00001429
45,88,-.02448116,-.35431043,-.02883241,.08091958,3,.06276794,.00041565,.00029966,.01021562,.00867393,.00070585
45,89,-.05308123,-.41484697,-.09154958,.04726103,4,.08604901,.00419066,.00140881,.03797906,.02202059,.00485956
45,90,-.08114417,-.25891487,-.13028254,-.01628958,5,.03351845,.00848677,.00329219,.03373209,.02100943,.01057167
45,91,-.09934762,-.46082037,-.16113267,.02420004,6,.1061777,.01298187,.00493497,.07425322,.04578141,.01600815
45,92,-.10893151,-.44628973,-.13506153,-.00205149,7,.09958726,.00912081,.00593304,.06027657,.04861501,.01471246
45,93,-.12971952,-.39899724,-.1594679,-.03067099,8,.0795994,.01271501,.00841358,.06362725,.05175773,.0206861
45,94,-.12371458,-.16636567,-.21347787,-.02000188,9,.01383877,.0227864,.00765265,.03551539,.02058186,.02641033
45,95,-.08997573,-.06921635,-.22383648,.07133681,10,.00239545,.02505139,.00404782,.01549314,.00622779,.02013985
45,96,-.06956864,-.28181499,-.28672452,.18720776,11,.03970984,.04110547,.0024199,.08080327,.01960549,.01994703
46,86,-1.6777386,-1.676889,-1.5188799,-1.4408417,1,1.4059783,1.1534981,1.4074034,2.546993,2.8133814,2.5482835
46,87,-1.7049096,-1.5827018,-1.6077235,-1.4210582,2,1.2524725,1.2923874,1.4533585,2.5445468,2.6983636,2.7410232
46,88,-1.7318953,-1.5875289,-1.4815334,-1.3621211,3,1.2601239,1.0974706,1.4997307,2.3519771,2.7494338,2.5658608
46,89,-1.7563381,-1.4863707,-1.6473952,-1.3707741,4,1.1046489,1.3569554,1.5423617,2.4486399,2.6105695,2.8933829
46,90,-1.7623709,-1.6507778,-1.6387861,-1.2962589,5,1.3625338,1.3428099,1.5529756,2.7052718,2.9092828,2.8881489
46,91,-1.7804808,-1.6270077,-1.3644778,-1.2951018,6,1.323577,.9308999,1.5850559,2.2200159,2.8968559,2.4294266
46,92,-1.8021181,-1.5827018,-1.6787023,-1.4397895,7,1.2524725,1.4090208,1.6238148,2.6568852,2.8522155,3.0252199
46,93,-1.8089946,-1.6286869,-1.6801903,-1.4129417,8,1.3263105,1.4115198,1.6362308,2.736504,2.9462858,3.0394553
46,94,-1.8268974,-1.6253312,-1.5756947,-1.3750305,9,1.3208507,1.2414069,1.668777,2.5610257,2.9693133,2.8786325
46,95,-1.819822,-1.69648,-1.5955256,-1.3417146,10,1.4390222,1.272851,1.655876,2.7067773,3.0872916,2.9035726
46,96,-1.828335,-1.7127995,-1.6128147,-1.380124,11,1.4668411,1.3005856,1.6714045,2.7624282,3.1315713,2.9487656
47,86,-.34926902,-.31243641,-.61130065,-.42051906,1,.04880826,.18684424,.06099442,.19099258,.10912436,.21350838
47,87,-.35850878,-.29811844,-.63243022,-.3063548,2,.0444373,.19998399,.06426427,.18853911,.10687808,.22673179
47,88,-.37863328,-.18008869,-.60620033,-.34170003,3,.01621597,.18373942,.07168158,.10916982,.06818757,.22952762
47,89,-.40298515,-.28575631,-.73059219,-.38124878,4,.04082834,.26688248,.08119852,.20877133,.11515555,.29441781
47,90,-.41798018,-.27484633,-.69763048,-.28535679,5,.03777025,.24334414,.08735371,.19174118,.11488032,.29159571
47,91,-.43665675,-.25720762,-.6661557,-.28197236,6,.03307788,.22188171,.09533456,.17134032,.11231144,.29088138
47,92,-.43169674,-.23111186,-.69848248,-.35761951,7,.02670634,.24393889,.09318104,.16142758,.09977023,.30153261
47,93,-.44960841,-.31559595,-.61920064,-.21795142,8,.0498004,.19170472,.10107386,.19541722,.1418946,.27839782
47,94,-.43370339,-.5150618,-.56637595,-.10404033,9,.13264433,.16039086,.09404931,.29171862,.22338405,.24563917
47,95,-.45563819,-.38146147,-.56812928,-.19395181,10,.07275642,.16138544,.10380308,.21671943,.17380841,.2588614
47,96,-.46893692,-.59607077,-.6752144,-.09432717,11,.17765018,.22795724,.10995092,.40247557,.27951959,.31663296
48,86,-1.3466692,-.70070012,-1.0164888,-1.0726003,1,.24549033,.51662476,.906759,.71225384,.94361129,1.3688742
48,87,-1.3647424,-.42035389,-.99164504,-.93216651,2,.0883487,.49167995,.9312609,.41684185,.57367478,1.35334
48,88,-1.9464235,.07590839,-.85064628,-.93292603,3,.00288104,.36179954,1.8942823,-.06457119,-.14774989,1.6557179
48,89,-1.9479818,-.0458173,-1.0214426,-.98873552,4,.00104961,.5216725,1.8973165,.04679974,.08925126,1.9897516
48,90,-1.9369099,-.15590653,-1.0151266,-.84373139,5,.01215342,.51524098,1.8758101,.15826487,.30197692,1.9662087
48,91,-1.9550982,-.139472,-.8695359,-.79751431,6,.00972622,.37804634,1.9112046,.12127591,.27268147,1.7000281
48,92,-1.9102369,-.52504525,-1.1598879,-1.0049366,7,.13783626,.67266998,1.8245024,.60899364,1.0029608,2.2156606
48,93,-1.9060023,-.28927279,-.79045695,-.65838716,8,.04183937,.31241109,1.8164223,.22865769,.5513546,1.5066127
48,94,-1.8113131,-.33614933,-.79145989,-.62052335,9,.05649819,.31320438,1.6404277,.26604871,.6088717,1.4335817
48,95,-1.8290236,-.51616619,-.88706605,-.69106973,10,.13321377,.39344309,1.6726637,.4578735,.94408014,1.6224647
48,96,-1.8045081,-.53512938,-.74122674,-.56592638,11,.14318173,.27470854,1.6281247,.39665221,.96564529,1.3375496
49,86,.09290357,.35306767,.19818922,-.17642778,1,.06232839,.01963948,.00431554,.06997421,.03280125,.01841249
49,87,.06951437,-.37905003,.44188989,.00258819,2,.07183946,.09763334,.00241612,-.16749838,-.02634942,.0307177
49,88,.04368318,-.41584599,.42591321,.03208707,3,.08646395,.09070103,.00095411,-.1771143,-.01816548,.01860524
49,89,.02375993,-.39214114,.44636378,-.00132041,4,.07688734,.09962031,.00028227,-.1750376,-.00931725,.01060557
49,90,.00467314,.00532067,.41518804,-.12852697,5,.00001415,.08619055,.00001092,.00220908,.00002486,.00194023
49,91,-.01635783,-.15282843,.38705249,-.10245393,6,.01167826,.07490481,.00013379,-.05915262,.00249994,-.00633134
49,92,-.03648606,-.21995701,.08792145,-.33997917,7,.02419054,.00386509,.00066562,-.01933894,.00802536,-.00320791
49,93,-.04959526,-.1714408,.1086142,-.39479801,8,.01469597,.00589852,.00122984,-.01862091,.00850265,-.00538675
49,94,-.05620375,-.23527507,.0529108,-.4772566,9,.02767718,.00139978,.00157943,-.01244859,.01322334,-.00297379
49,95,-.06564089,-.43145947,.08022599,-.37601946,10,.09307863,.00321811,.00215436,-.03461426,.02832138,-.00526611
49,96,-.07453497,-.60993066,.20210112,-.44881703,11,.18600771,.02042243,.00277773,-.12326767,.04546117,-.0150636
50,86,-2.4510045,-1.9675149,-2.3709413,-2.4279886,1,1.9355574,2.8106813,3.0037115,4.6648623,4.8223878,5.8111878
50,87,-2.4508377,-2.0956699,-2.3322508,-2.3233371,2,2.1959161,2.7196969,3.0033028,4.8876278,5.1361468,5.7159683
50,88,-2.4777508,-2.0692133,-2.2008953,-2.2620949,3,2.1408218,2.42197,3.0696244,4.5541218,5.1269948,5.4532699
50,89,-2.4325842,-1.9102254,-2.3074711,-2.310598,4,1.8244805,2.6622114,2.958733,4.4077898,4.6467841,5.6131177
50,90,-2.4594309,-2.133926,-2.3632135,-2.2335032,5,2.27682,2.7923891,3.0244001,5.0429227,5.2482434,5.8121603
50,91,-2.4842422,-2.1423176,-2.4955874,-2.225801,6,2.2947624,3.1139782,3.0857296,5.3463408,5.3220358,6.1996435
50,92,-2.5120414,-2.0511015,-2.4336933,-2.2409793,7,2.1035087,2.9614315,3.1551759,4.991752,5.1524519,6.1135383
50,93,-2.5466881,-1.986563,-2.5251883,-2.3534335,8,1.9732163,3.1882879,3.2428101,5.0164456,5.0591564,6.4308669
50,94,-2.5746634,-2.0588236,-2.452946,-2.1731722,9,2.1193773,3.008472,3.3144457,5.0501831,5.3007777,6.3155102
50,95,-2.5827833,-2.114615,-2.2144942,-1.991483,10,2.2357983,2.4519924,3.3353849,4.6828027,5.4615924,5.7195589
50,96,-2.6090181,-2.0983544,-2.3955885,-1.9728294,11,2.2015457,2.8694222,3.4034877,5.0267938,5.4746447,6.2501338
51,86,-1.3399477,-1.1015249,-1.3358429,-1.0996245,1,.60667856,.89223809,.89772988,1.4714642,1.4759857,1.7899595
51,87,-1.355974,-.99616434,-1.1869237,-.89923108,2,.49617169,.70439388,.9193327,1.182371,1.3507729,1.6094376
51,88,-1.3777821,-1.0975645,-.96481114,-.73693986,3,.60232393,.46543027,.9491417,1.0589425,1.5122047,1.3292995
51,89,-1.3841543,-.99705761,-1.1545674,-.80040337,4,.49706194,.66651291,.95794154,1.1511702,1.3800816,1.5980994
51,90,-1.4071889,-1.0867535,-1.1764463,-.76423444,5,.59051664,.69201295,.99009027,1.2785072,1.5292675,1.6554821
51,91,-1.4351425,-1.0818779,-1.2601072,-.97588388,6,.58522985,.79393512,1.0298171,1.3632821,1.5526489,1.8084335
51,92,-1.4644406,-1.2614794,-1.1576042,-1.0287894,7,.7956652,.67002375,1.0722931,1.4602939,1.8473617,1.6952426
51,93,-1.4759591,-1.1225783,-1.0440215,-.86079082,8,.63009102,.54499047,1.0892277,1.1719959,1.6568797,1.5409331
51,94,-1.4957576,-1.0741259,-1.2486776,-.88623995,9,.57687322,.77959789,1.1186454,1.341237,1.606632,1.867719
51,95,-1.5182503,-.92967462,-1.222689,-.80925525,10,.43214745,.74748424,1.152542,1.136703,1.4114788,1.856348
51,96,-1.5361184,-.97321541,-1.2973711,-.74528813,11,.47357411,.84158583,1.1798298,1.2626215,1.4949741,1.9929155
52,86,-1.6749713,-.02667145,-1.6371207,-1.0437311,1,.00035568,1.3400821,1.4027645,.04366438,.04467391,2.7421302
52,87,-1.6159962,.16614903,-1.4967388,-.95788467,2,.01380275,1.1201135,1.3057219,-.2486817,-.26849621,2.4187242
52,88,-1.5916351,.11545814,-1.3949206,-.72714493,3,.00666529,.9729017,1.2666511,-.16105493,-.18376722,2.2202045
52,89,-1.5889658,.11192668,-1.476291,-.74852359,4,.00626379,1.0897175,1.2624061,-.16523635,-.17784766,2.3457758
52,90,-1.6164639,.09587878,-1.5921488,-.8183506,5,.00459637,1.267469,1.3064778,-.15265328,-.15498458,2.5736512
52,91,-1.6310047,.07529695,-1.4675585,-.75431806,6,.00283482,1.0768639,1.3300881,-.11050267,-.12280967,2.3935947
52,92,-1.6439036,.0492732,-1.412362,-.67324161,7,.00121392,.99738316,1.3512095,-.06959159,-.08100038,2.3217869
52,93,-1.65433,.02641505,-1.6645538,-.8489019,8,.00034888,1.3853696,1.3684039,-.04396926,-.0436992,2.7537212
52,94,-1.6574061,-.02464164,-1.5870107,-.72188695,9,.00030361,1.2593015,1.3734975,.03910654,.0408412,2.6303213
52,95,-1.6538385,-.15822133,-1.9028583,-.78340442,10,.01251699,1.8104349,1.3675908,.30107277,.26167252,3.1470202
52,96,-1.6662702,-.36043823,-1.8657766,-.92717497,11,.06495786,1.7405612,1.3882281,.67249723,.60058747,3.1088879
53,86,-1.1769247,-.37616406,-1.1089893,-.92982935,1,.0707497,.61492859,.69257593,.4171619,.44271679,1.3051969
53,87,-1.1690789,-.32741965,-1.002739,-.93328244,2,.05360181,.50274273,.68337278,.32831644,.38277941,1.172281
53,88,-1.1668739,-.30973608,-.94879892,-.85386581,3,.04796822,.4501097,.68079736,.29387726,.36142295,1.1071287
53,89,-1.180228,-.27876023,-.94573814,-.84684727,4,.03885363,.44721031,.69646906,.26363418,.32900063,1.1161866
53,90,-1.1931244,-.26405402,-.97693966,-.8776292,5,.03486226,.47720555,.7117729,.25796484,.31504929,1.1656105
53,91,-1.1838457,-.28531761,-1.1021437,-.86717111,6,.04070307,.60736042,.70074528,.31446102,.33777202,1.3047681
53,92,-1.1733177,-.4926871,-.98691906,-.920846,7,.12137029,.48700461,.68833719,.48624229,.57807848,1.1579696
53,93,-1.1738685,-.64450194,-.86992214,-.91155905,8,.20769138,.37838226,.68898359,.56066651,.7565605,1.0211742
53,94,-1.0013639,-.67576441,-.85455154,-.87806994,9,.22832877,.36512917,.50136486,.57747552,.6766861,.85571709
53,95,-.87950007,-.84099377,-.92202906,-.87281302,10,.35363526,.42506879,.38676019,.77542069,.73965408,.81092462
53,96,-.88154107,-.64199259,-1.2491344,-.88093787,11,.20607724,.78016843,.38855733,.80193506,.56594284,1.1011633
54,86,-.44987895,.3746084,-.00900723,-.02144368,1,.07016573,.00004057,.10119553,-.00337418,-.16852843,.00405216
54,87,-.4341233,.30878439,.00765989,.10833784,2,.0476739,.00002934,.09423152,.00236525,-.1340505,-.00332534
54,88,-.40731731,.34212081,.08466201,.14514582,3,.05852332,.00358383,.0829537,.02896463,-.13935173,-.0344843
54,89,-.38594918,.276051,.13412473,.19255417,4,.03810208,.00899472,.07447838,.03702527,-.10654166,-.05176533
54,90,-.38698287,.28476946,.04227635,.18432834,5,.04054682,.00089364,.07487787,.01203901,-.1102009,-.01636022
54,91,-.3799974,.20557382,-.05716219,.18095584,6,.0211303,.00163376,.07219901,-.01175105,-.07811752,.02172148
54,92,-.38008151,-.03346722,-.05593878,.21459872,7,.00056003,.00156457,.07223098,.00187212,.01272027,.0212613
54,93,-.3853994,.15773622,-.08715019,.11535098,8,.01244036,.00379758,.07426635,-.01374674,-.06079145,.03358763
54,94,-.34893814,-.05937096,-.11576951,.06151374,9,.00176246,.00670129,.06087891,.00687335,.02071679,.0403964
54,95,-.33081691,-.18127371,-.0826696,.05860323,10,.01643008,.00341713,.05471992,.01498582,.05996841,.0273485
54,96,-.28769135,-.13342513,-.23614657,.05149989,11,.00890113,.0278826,.04138316,.03150789,.03838526,.06793733
55,86,.47446964,.06175,.68492516,.37606559,1,.00190653,.23456123,.11256072,.04229413,.0292985,.3249762
55,87,.45723177,-.13720009,.55636827,.37707693,2,.00941193,.15477283,.10453045,-.07633378,-.06273224,.25438925
55,88,.42878571,-.0892027,.6257396,.39023144,3,.00397856,.19577502,.09192859,-.05581766,-.03824884,.2683082
55,89,.40262029,-.0420275,.53033336,.38519658,4,.00088316,.14062674,.08105155,-.02228859,-.01692113,.21352297
55,90,.37893935,-.1311669,.58595114,.40639823,5,.00860238,.17166937,.07179752,-.07685739,-.0497043,.22203995
55,91,.35565635,-.15206037,.47789774,.41996537,6,.01156118,.11419312,.06324572,-.0726693,-.05408124,.16996737
55,92,.33334427,-.19520428,.49117233,.48036395,7,.01905236,.12062513,.0555592,-.09587894,-.06507023,.16372948
55,93,.3047602,-.17183227,.54691195,.45675198,8,.01476316,.14955634,.04643939,-.09397712,-.05236764,.166677
55,94,.27854727,-.63139718,.31622159,.28292971,9,.1993312,.04999805,.03879429,-.19966142,-.17587396,.08808266
55,95,.2508389,-.92967462,.49404987,.40193838,10,.43214745,.12204264,.03146008,-.45930562,-.23319856,.12392692
55,96,.22797301,-.72355063,.16545566,.43159911,11,.26176275,.01368779,.02598585,-.11971555,-.16495001,.03771942
56,86,-1.4584358,-1.4435682,-1.1511985,-1.5545672,1,1.0419445,.66262897,1.0635175,1.6618335,2.1053515,1.6789491
56,87,-1.4888709,-1.227151,-1.3944231,-1.5744474,2,.75294984,.97220794,1.1083683,1.7111678,1.8270695,2.0761161
56,88,-1.0667008,-1.1928746,-1.224025,-1.37619,3,.71147491,.74911856,.56892529,1.4601083,1.2724403,1.3056684
56,89,-1.0993548,-1.1327617,-1.0233924,-1.2386978,4,.64157455,.523666,.60429047,1.1592597,1.245307,1.1250713
56,90,-1.1099202,-.99705761,-1.049224,-1.2648704,5,.49706194,.55043548,.61596141,1.0461368,1.1066544,1.1645549
56,91,-1.1136657,-1.1307167,-1.1295969,-1.346886,6,.6392601,.63799454,.6201256,1.277254,1.2592403,1.2579932
56,92,-1.1334925,-1.2226617,-1.2349627,-1.4751915,7,.74745083,.76256641,.64240259,1.5099416,1.3858778,1.3998209
56,93,-1.1441177,-1.264978,-1.3368694,-1.6004087,8,.80008462,.89360985,.65450263,1.6911103,1.4472836,1.5295359
56,94,-1.1601114,-1.2874242,-1.1953955,-1.4127924,9,.82873053,.71448518,.67292924,1.5389811,1.4935555,1.3867919
56,95,-1.1885687,-1.3566732,-1.3853881,-1.5489433,10,.92028109,.95965015,.70634772,1.879519,1.6124992,1.6466289
56,96,-1.1779444,-1.4776624,-1.6683072,-1.8221826,11,1.0917431,1.3916245,.69377649,2.4651948,1.7406041,1.9651731
57,86,-1.9470279,-2.1650458,-2.2681342,-1.9279056,1,2.3437117,2.5722163,1.8954589,4.9106144,4.2154047,4.4161206
57,87,-1.8956041,-2.0666058,-3.058246,-2.4606958,2,2.1354298,4.6764344,1.7966574,6.320189,3.9174663,5.7972236
57,88,-1.9240486,-2.114615,-2.2275654,-1.7817094,3,2.2357983,2.4810238,1.8509816,4.7104432,4.0686221,4.2859442
57,89,-1.9459898,-2.0257838,-2.246186,-1.729964,4,2.0518999,2.5226758,1.8934382,4.5502872,3.9421546,4.3710552
57,90,-1.9710399,-2.0797121,-2.4736735,-1.7970217,5,2.1626013,3.0595304,1.9424991,5.1445288,4.0991955,4.8757091
57,91,-1.9940002,-2.0744489,-2.3403822,-1.7435311,6,2.1516691,2.7386945,1.9880184,4.8550034,4.1364515,4.6667227
57,92,-1.9623208,-2.2001371,-2.3074711,-1.7042991,7,2.4203017,2.6622114,1.9253515,5.0767528,4.3173749,4.5279985
57,93,-1.9787069,-2.0718277,-2.194372,-1.601463,8,2.1462351,2.4076342,1.9576405,4.5463608,4.0995398,4.342019
57,94,-1.9936428,-2.0770771,-2.1153994,-1.5698135,9,2.1571246,2.2374572,1.9873059,4.3938475,4.1409498,4.2173507
57,95,-2.012332,-2.1621764,-2.0626753,-1.5542177,10,2.3375033,2.1273147,2.0247401,4.4598678,4.3510168,4.1507876
57,96,-2.0359924,-2.0692133,-2.200756,-1.6407343,11,2.1408218,2.4216636,2.0726325,4.5538337,4.2129025,4.4807225
58,86,.61939243,2.0391749,.8203868,.09419358,1,2.0791171,.33651725,.19182349,1.6729122,1.2630495,.50814137
58,87,.66039673,1.6117366,1.0206144,.57624466,2,1.2988474,.52082689,.21806192,1.6449616,1.0643856,.67401042
58,88,.6779512,1.5463512,1.2515658,.78656349,3,1.195601,.78320849,.22980892,1.9353603,1.0483506,.84850055
58,89,.67412065,1.4379188,1.101224,.91767261,4,1.0338052,.60634717,.22721933,1.5834707,.96933075,.74235786
58,90,.66323104,1.3347652,.99082979,.85736426,5,.89079913,.49087184,.21993771,1.3225252,.88525775,.65714908
58,91,.65989374,1.4017309,.91181982,.76312331,6,.98242481,.41570769,.21772987,1.2781261,.92499347,.60170419
58,92,.66029844,1.2997018,1.0716187,.91348248,7,.84461238,.57418327,.21799701,1.3927847,.85819107,.70758812
58,93,.65136966,1.1155628,.88437396,.63927831,8,.62224021,.39105865,.21214122,.98657472,.72664378,.57605437
58,94,.65898542,.99646871,1.0502065,.96978022,9,.49647494,.55146684,.21713089,1.0464979,.65665835,.69207077
58,95,.61450333,.64939883,.30053726,.01711696,10,.21085942,.04516132,.18880717,.19516854,.39905774,.18468114
58,96,.5956394,.71392659,.21832883,.1777907,11,.25484559,.02383374,.17739315,.15587076,.42524281,.13004525
59,86,.50667301,.83598846,.93155814,.81975452,1,.34943835,.43390029,.12835877,.77877185,.42357279,.47199537
59,87,.50874468,.8241999,.86021826,.81830234,2,.33965274,.36998773,.12941058,.70899181,.41930732,.43763147
59,88,.50307268,.78271487,.90019195,.82591512,3,.30632128,.40517277,.12654106,.70459362,.39376247,.45286197
59,89,.50001025,.79440392,.8538229,.8300633,4,.3155388,.36450678,.12500513,.67828026,.39721011,.4269202
59,90,.52763053,.75953611,.65612617,.72549748,5,.28844755,.21525077,.13919699,.49835151,.40075444,.34619219
59,91,.52716905,.60033306,.73615472,.68493497,6,.18019989,.27096189,.1389536,.44193802,.31647701,.38807799
59,92,.52733878,.54625574,.71018244,.66477299,7,.14919767,.25217955,.1390431,.38794124,.28806184,.37450675
59,93,.52846743,.6564357,.72021743,.67245196,8,.21545391,.25935658,.13963891,.47277643,.34690488,.38061145
59,94,.54785154,.49714096,.59953876,.54713111,9,.12357457,.17972336,.15007066,.29805527,.27235944,.32845824
59,95,.59048236,.50174329,.5838426,.58265328,10,.12587316,.17043609,.17433471,.29293911,.29627056,.34474875
59,96,.60323438,.39325014,.49527184,.55345608,11,.07732284,.1226471,.18194586,.19476572,.237222,.298765
60,86,.35050468,.63918492,.42429586,.28627439,1,.20427868,.09001349,.06142677,.27120352,.22403731,.14871769
60,87,.34701634,.60069479,.29853214,.31812973,2,.18041712,.04456072,.06021017,.1793267,.20845091,.10359553
60,88,.34891888,.5343463,.46383401,.41308508,3,.14276298,.10757099,.06087219,.24784799,.18644351,.16184044
60,89,.33829393,.4973415,.50898203,.50383052,4,.12367429,.12953135,.05722139,.25313789,.16824761,.17218553
60,90,.33721296,.43785666,.42206458,.41929795,5,.09585923,.08906925,.05685629,.18480379,.14765094,.14232564
60,91,.33153967,.39347264,.47404293,.39979218,6,.07741036,.11235835,.05495928,.18652292,.13045179,.15716404
60,92,.32399981,.34981942,.36507114,.29143348,7,.06118681,.06663847,.05248794,.12770898,.11334143,.11828298
60,93,.31898836,.30805771,.35594499,.33118794,8,.04744978,.06334842,.05087679,.1096516,.09826682,.11354231
60,94,.31268711,.26219521,.44902869,.33267164,9,.03437316,.10081338,.04888661,.11773317,.08198506,.14040548
60,95,.36559381,.19640439,.35804848,.32021701,10,.01928734,.06409936,.06682942,.0703223,.07180423,.13090031
60,96,.3916644,.17780939,.18811213,.27306897,11,.01580809,.01769309,.0767005,.0334481,.06964161,.07367682
61,86,-.33488703,-.05937096,-.31477337,-.1196153,1,.00176246,.04954114,.05607466,.0186884,.01988257,.10541352
61,87,-.36008033,-.065689,-.3590634,-.18874677,2,.00215752,.06446326,.06482892,.02358651,.02365332,.12929167
61,88,-.39995618,-.07063074,-.38588708,-.1260461,3,.00249435,.07445442,.07998247,.02725549,.0282492,.15433792
61,89,-.42342803,.02577257,-.3721169,-.0630564,4,.00033211,.06923549,.08964565,-.00959041,-.01091283,.15756472
61,90,-.41603833,.14241242,-.47761658,-.02845356,5,.01014065,.1140588,.08654395,-.06801853,-.05924903,.1987068
61,91,-.43737932,-.03483197,-.41465123,-.02381308,6,.00060663,.08596782,.09565034,.01444312,.01523478,.18135987
61,92,-.38807306,.08139454,-.26760659,.10485689,7,.00331254,.03580664,.07530035,-.02178172,-.03158703,.10385091
61,93,-.20454242,.03185941,-.27556525,.13754831,8,.00050751,.0379681,.0209188,-.00877935,-.0065166,.05636478
61,94,-.17428577,-.10519141,-.22631734,.16808726,9,.00553262,.02560977,.01518776,.02380664,.01833337,.03944389
61,95,-.13497305,-.40293618,-.30060896,.17458324,10,.08117878,.04518287,.00910886,.12112623,.05438552,.04057411
61,96,-.16961078,-.40392337,-.00934171,.23770171,11,.08157704,.00004363,.01438391,.00377333,.06850976,.00158445
62,86,-1.214903,-.45145505,-.94484552,-.81502716,1,.10190583,.44636653,.73799471,.42655528,.54847411,1.1478957
62,87,-1.2246415,-.59666941,-1.0690508,-.90361938,2,.17800719,.57143482,.74987336,.63786992,.7307061,1.309204
62,88,-1.2268495,-.85252795,-.980303,-.86852433,3,.36340196,.48049699,.75257986,.83573571,1.0459235,1.2026843
62,89,-1.2237912,-.79468227,-.95599075,-.69040808,4,.31575996,.45695916,.74883245,.7597089,.97252517,1.1699331
62,90,-1.2436669,-.7310566,-1.1137434,-.77646303,5,.26722188,.62021221,.77335363,.81420948,.90919087,1.3851258
62,91,-1.263883,-.88315461,-1.211418,-.95060238,6,.38998103,.7337668,.79870006,1.0698694,1.1162041,1.5310906
62,92,-1.2273438,-.89680395,-1.0438683,-.81758926,7,.40212866,.54483048,.75318638,.93614519,1.1006868,1.2811852
62,93,-1.2696814,-1.0702723,-1.0329173,-.78337098,8,.57274143,.53345908,.80604545,1.1055028,1.3589049,1.3114759
62,94,-1.3010236,-.90410621,-1.0279927,-.79288976,9,.40870402,.52838448,.84633126,.92941457,1.1762636,1.3374428
62,95,-1.3672873,-.96193546,-1.051339,-.82735553,10,.46265992,.55265688,.93473725,1.0113203,1.3152421,1.4374825
62,96,-1.3804352,-.97583662,-1.0470255,-.69503666,11,.47612855,.54813125,.95280061,1.0217259,1.3470792,1.4453509
63,86,-1.4760317,-1.4133045,-1.9463756,-2.201816,1,.99871482,1.8941889,1.0893348,2.7508214,2.0860823,2.8729121
63,87,-1.5418859,-1.3669693,-1.841717,-1.9712055,2,.93430252,1.6959608,1.188706,2.5175706,2.1077106,2.8397174
63,88,-1.5570682,-1.3905305,-1.6495591,-1.8063076,3,.96678759,1.3605225,1.2122307,2.2937623,2.1651509,2.568476
63,89,-1.573786,-1.5189662,-1.6759801,-1.6543564,4,1.1536291,1.4044547,1.2384011,2.5457571,2.3905277,2.637634
63,90,-1.5977984,-1.4747764,-1.5406226,-1.6830377,5,1.0874827,1.186759,1.2764799,2.2720739,2.3563953,2.4616044
63,91,-1.6210859,-1.6270077,-1.5511829,-1.8374572,6,1.323577,1.2030842,1.3139598,2.5237865,2.6375193,2.5146008
63,92,-1.6385999,-1.5810979,-1.6159905,-1.8139362,7,1.2499353,1.3057127,1.3425048,2.5550392,2.5907869,2.6479619
63,93,-1.6517824,-1.7109731,-2.1232279,-2.1820444,8,1.4637144,2.2540484,1.3641926,3.6327858,2.8261552,3.5071105
63,94,-1.6672072,-1.9214237,-2.0966563,-2.2105993,9,1.8459346,2.1979839,1.3897899,4.0285652,3.2034115,3.4955605
63,95,-1.688448,-1.6371258,-2.4304473,-2.1108021,10,1.3400904,2.9535369,1.4254283,3.9789479,2.7642017,4.1036837
63,96,-1.6749359,-2.0692133,-2.4552778,-2.1875978,11,2.1408218,3.0141946,1.4027051,5.0804935,3.4657996,4.112433
64,86,-.54835652,.10660594,-.3269371,-1.2408682,1,.00568241,.05344393,.15034744,-.03485344,-.05845806,.17927809
64,87,-.561862,-.15321268,-.50724062,-1.1037381,2,.01173706,.12864652,.15784445,.0777157,.08608439,.28499923
64,88,-.39273075,-.42337046,-.32249002,-1.2184692,3,.08962127,.05199991,.07711872,.13653275,.1662706,.12665174
64,89,-.42063133,-.56194986,-.26394689,-1.0233034,4,.15789382,.03483398,.08846536,.14832492,.23637372,.11102433
64,90,-.44275507,-.50900959,-.51656395,-1.2545967,5,.12954538,.13341916,.09801603,.262936,.22536658,.22871131
64,91,-.45705743,-.47503488,-.73551732,-1.2976535,6,.11282907,.27049287,.10445075,.34939638,.21711822,.33617366
64,92,-.46524374,-.54930596,-.50021257,-1.0711661,7,.15086852,.12510631,.10822587,.27476975,.25556116,.23272077
64,93,-.48696381,-.56833227,-.35658312,-1.0329811,8,.16150078,.06357576,.11856688,.20265769,.27675725,.17364307
64,94,-.5076251,-.52448798,-.55604102,-1.2046505,9,.13754382,.15459081,.12884162,.29163684,.26624326,.28226038
64,95,-.51043127,-.40986687,-.97563019,-1.2943521,10,.08399543,.47592714,.13027004,.39987849,.20920887,.49799216
64,96,-.53339872,-1.3865649,-.72789128,-1.1596223,11,.96128117,.26491286,.1422571,1.0092685,.73959196,.38825628
65,86,-1.1663838,-.44217662,-1.2794518,-1.0913307,1,.09776008,.81849844,.68022556,.56574367,.51574764,1.4923318
65,87,-.6843454,-.31108533,-1.3236643,-1.067883,2,.04838704,.87604359,.23416431,.41177255,.21288982,.90584357
65,88,-.68011801,-.47133021,-1.1285242,-.90914209,3,.11107608,.63678341,.23128025,.53190754,.32056016,.76752961
65,89,-.70485899,-.41634588,-1.2059199,-.93543677,4,.08667195,.72712137,.24841309,.50207977,.29346513,.85000346
65,90,-.73003253,-.37712515,-1.2818096,-.98304601,5,.07111169,.82151791,.26647375,.48340264,.27531363,.9357627
65,91,-.72482219,-.5625284,-1.152125,-.88729315,6,.1582191,.66369602,.2626836,.64810305,.40773307,.83508578
65,92,-.74359011,-.70202994,-1.2494302,-.9491354,7,.24642302,.78053786,.27646312,.87713737,.52202252,.9290639
65,93,-.76799322,-.64701772,-1.2650654,-.97997044,8,.20931596,.80019526,.29490679,.81851974,.49690522,.97156167
65,94,-.78981215,-.57827677,-1.1896299,-.91321735,9,.16720201,.70760962,.31190161,.68793532,.45673002,.93958412
65,95,-.79757849,-.53231806,-.9934751,-.87665829,10,.14168126,.49349639,.31806572,.52884474,.42456544,.79237437
65,96,-.66067448,-.5871342,-1.0622494,-.84241938,11,.17236328,.56418693,.21824538,.62368297,.38790458,.70180109
66,86,.04303818,-.62091297,.15976955,.1148114,1,.19276646,.01276315,.00092614,-.09920298,-.02672296,.00687619
66,87,.02612575,-.79907148,.01766777,.14272505,2,.31925761,.00015608,.00034128,-.01411781,-.02087635,.00046158
66,88,.00622091,-.77947011,.0369944,.19830206,3,.30378683,.00068429,.00001935,-.02883603,-.00484901,.00023014
66,89,-.02197029,-.7448499,.08924058,.29490675,4,.27740069,.00398194,.00024135,-.06647084,.01636457,-.00196064
66,90,-.04573693,-.59607077,.06438776,.3238397,5,.17765018,.00207289,.00104593,-.03837966,.02726245,-.0029449
66,91,-.06532087,-.61601701,.21521368,.32332933,6,.18973848,.02315846,.00213341,-.13257529,.04023876,-.01405794
66,92,-.08960669,-.62460082,.28038439,.37010973,7,.19506309,.0393077,.00401468,-.17512832,.05596841,-.02512432
66,93,-.10282417,-.62029976,.40503566,.4327465,8,.1923859,.08202694,.00528641,-.25124353,.06378181,-.04164746
66,94,-.11255052,-.5741699,.40021762,.45594282,9,.16483554,.08008707,.00633381,-.22979291,.06462312,-.0450447
66,95,-.12981019,-.63388017,.32440161,.43845544,10,.20090203,.0526182,.00842534,-.20563175,.08228411,-.04211064
66,96,-.13833709,-.54531623,.38412246,.44716316,11,.1486849,.07377503,.00956858,-.20946821,.07543746,-.05313838
67,86,-2.2412344,-3.3444195,-2.8757604,-2.7732862,1,5.5925709,4.134999,2.5115658,9.6177492,7.495628,6.4452531
67,87,-2.2983744,-3.3632879,-2.8089941,-2.7177131,2,5.6558529,3.9452238,2.6412625,9.4474559,7.730095,6.4561201
67,88,-2.3266243,-3.2810499,-2.5661708,-2.5322828,3,5.3826442,3.2926162,2.7065903,8.4197343,7.6337704,5.9705153
67,89,-2.3520862,-3.4633714,-2.5396398,-2.4790907,4,5.9974709,3.2248852,2.7661548,8.795716,8.1461482,5.9734518
67,90,-2.3802315,-3.0756059,-2.505735,-2.5511146,5,4.7296758,3.1393539,2.832751,7.7066533,7.320654,5.9642294
67,91,-2.390589,-3.2465637,-2.2183127,-2.5321801,6,5.2700879,2.4604555,2.8574578,7.2018934,7.7611993,5.3030737
67,92,-2.40136,-3.3632879,-2.3293175,-2.6185063,7,5.6558529,2.7128599,2.8832648,7.8341653,8.076465,5.5935297
67,93,-2.410337,-3.6352217,-2.3026034,-2.6199437,8,6.6074184,2.6509911,2.9048622,8.3704737,8.7621093,5.5500501
67,94,-2.4347278,-3.6352217,-2.2209374,-2.4532176,9,6.6074184,2.4662815,2.9639498,8.0735999,8.8507754,5.4073782
67,95,-2.4495685,-2.6845295,-2.3420646,-2.565184,10,3.6033493,2.7426333,3.000193,6.2873414,6.575939,5.7370478
67,96,-2.4225952,-3.3077181,-2.2751586,-2.3879362,11,5.4704995,2.5881733,2.9344838,7.5255832,8.0132621,5.5117883
68,86,.92416895,1.2394984,1.0219274,.9805223,1,.76817814,.52216776,.42704412,1.2666773,1.1455059,.94443353
68,87,.89383823,1.187979,1.0632269,1.1947627,2,.7056471,.56522574,.39947339,1.2630913,1.0618611,.95035286
68,88,.86334596,.91152456,1.0850111,1.1450219,3,.41543851,.58862454,.37268312,.98901426,.78696105,.93673994
68,89,.8290726,.88575137,1.0059077,1.1254507,4,.39227775,.50592514,.34368069,.89098412,.7343522,.83397051
68,90,.80421493,.81504754,.94425704,1.1076789,5,.33215124,.44581068,.32338083,.76961437,.6554734,.75938561
68,91,.77719787,.72644283,.86984992,1.101886,6,.26385959,.37831944,.30201826,.63189623,.56458982,.6760455
68,92,.74958268,.70337542,.8278076,1.0098581,7,.24736849,.34263271,.2809371,.58225952,.52723804,.62051024
68,93,.72593944,.75070356,.90329825,1.0671523,8,.28177792,.40797387,.26349404,.67810922,.54496532,.65573983
68,94,.70813519,.56909776,1.058919,1.1572765,9,.16193613,.56065467,.25072773,.6026284,.40299815,.74985777
68,95,.69693206,.53589103,.91297119,1.1364571,10,.1435896,.41675819,.24285715,.48925307,.37347964,.63627889
68,96,.67956532,.47195684,.81050077,1.1389949,11,.11137163,.32845575,.23090451,.38252139,.3207255,.55078822
69,86,.51437412,.29045764,.43362627,.48122565,1,.04218282,.09401587,.13229037,.12595006,.14940389,.22304613
69,87,.49407782,.22997176,.43385105,.51153191,2,.02644351,.09411337,.12205644,.09977349,.11362395,.21435618
69,88,.46628794,.32320766,.51613305,.54893926,3,.0522316,.13319666,.10871222,.16681816,.15070784,.24066661
69,89,.43793139,.1537859,.21962911,.53798383,4,.01182505,.02411847,.09589195,.03377586,.06734767,.09618248
69,90,.41148484,.25965515,.19221621,.53109191,5,.0337104,.01847354,.08465989,.04990993,.10684416,.07909406
69,91,.3941904,.29070423,.25065706,.49961031,6,.04225447,.03141448,.07769303,.07286707,.11459281,.09880661
69,92,.38585052,.21784715,.22189127,.45785681,7,.02372869,.02461787,.07444031,.04833838,.08405644,.08561686
69,93,.38231979,.18386337,.23907266,.37236033,8,.01690287,.02857787,.07308421,.04395671,.07029461,.09140221
69,94,.39020399,.30319979,.22912542,.4860588,9,.04596506,.02624923,.07612958,.06947078,.11830977,.08940566
69,95,.41107431,.34562752,.30323865,.5680717,10,.05972919,.04597684,.08449104,.10480762,.14207859,.12465362
69,96,.42495609,.31914213,.15914525,.60099943,11,.05092585,.01266361,.09029384,.05078995,.13562139,.06762974
70,86,-1.1522734,-.68487912,-.71643393,-.87321825,1,.23452971,.25663879,.66386695,.49067064,.78916797,.82552773
70,87,-1.1683315,-.76803327,-.69160971,-.80556737,2,.29493755,.239162,.68249928,.53117927,.89731748,.80802943
70,88,-1.1967745,-.88795073,-.68278329,-.76047947,3,.39422825,.23309651,.71613455,.60627792,1.0626768,.8171376
70,89,-1.2258278,-.72968765,-.58949591,-.75061579,4,.26622203,.17375271,.75132687,.43014788,.89447139,.72262046
70,90,-1.2326111,-.85717908,-.72674281,-.81243149,5,.36737799,.26407756,.75966503,.62294873,1.0565684,.89579124
70,91,-1.2512064,-.92467459,-.73094433,-.9067846,6,.42751155,.26713981,.78275868,.67588564,1.1569587,.91456219
70,92,-1.274718,-1.0531127,-.91361494,-1.0641505,7,.55452318,.41734613,.81245298,.9621395,1.3424217,1.1646014
70,93,-1.2951744,-1.0437053,-1.0404809,-1.2316859,8,.54466035,.54130027,.83873835,1.0859554,1.3517803,1.3476042
70,94,-1.2865563,-1.1831396,-1.1974609,-1.3447889,9,.69990969,.71695629,.82761352,1.4167634,1.5221757,1.5406008
70,95,-1.2881352,-1.4310767,-1.0338488,-1.2225289,10,1.0239902,.53442167,.82964613,1.4795169,1.8434202,1.331737
70,96,-1.2896162,-1.547998,-.92191278,-1.1235716,11,1.1981489,.42496159,.83155495,1.4271191,1.9963233,1.1889136
71,86,-1.3791956,-1.4324569,-1.7661343,-1.6591974,1,1.0259664,1.5596153,.95109023,2.5299113,1.9756382,2.4358447
71,87,-1.3989511,-1.7037003,-1.7550176,-1.6372728,2,1.4512974,1.5400435,.97853212,2.9900241,2.3833935,2.4551839
71,88,-1.4092827,-1.5810979,-1.6455955,-1.5374668,3,1.2499353,1.3539923,.99303891,2.6018476,2.228214,2.3191093
71,89,-1.3928582,-1.5025356,-1.7369936,-1.6224316,4,1.1288067,1.5085733,.97002702,2.6098947,2.0928191,2.4193858
71,90,-1.381967,-1.8860218,-1.7294915,-1.5513812,5,1.7785391,1.4955703,.95491634,3.2618586,2.6064198,2.3901
71,91,-1.316025,-.88475074,-1.3348467,-1.2910476,6,.39139193,.89090787,.86596092,1.1810066,1.1643541,1.7566917
71,92,-1.3261885,-.77302078,-1.0761022,-1.1048928,7,.29878057,.57899799,.87938802,.83184938,1.0251713,1.4271144
71,93,-1.3215955,-.72763779,-1.0071817,-1.0106051,8,.26472837,.50720748,.87330738,.73286346,.96164285,1.3310868
71,94,-1.2351829,-.70003594,-.89480609,-.87388985,9,.24502516,.40033897,.76283839,.62639642,.86467241,1.1052492
71,95,-1.247545,-1.0446421,-1.1060264,-.89051708,10,.54563851,.61164724,.7781843,1.1554017,1.303238,1.3798178
71,96,-1.2564263,-.80127329,-.89618377,-.81092321,11,.32101944,.40157268,.78930358,.71808812,1.0067409,1.1259889
72,86,-1.091753,-.86497945,-.86790064,-.82356104,1,.37409473,.37662576,.59596226,.75071622,.94434387,.94753308
72,87,-1.0838945,-.86185201,-.90826759,-.79454656,2,.37139445,.41247501,.58741368,.78279225,.93415669,.98446628
72,88,-1.1005975,-.81309905,-.8338975,-.75862785,3,.33056503,.34769252,.6056574,.67804127,.89489475,.91778549
72,89,-1.0961919,-.7998049,-.897639,-.7802511,4,.31984394,.40287789,.60081836,.71793607,.87673966,.98398462
72,90,-1.0867793,-.69473786,-.92824992,-.70800086,5,.24133035,.43082395,.5905446,.64489036,.75502672,1.0088028
72,91,-1.0953283,-.78451521,-1.0120259,-.69452032,6,.30773205,.51209817,.59987209,.79394967,.85930174,1.1085006
72,92,-1.1219255,-.70469482,-.92846445,-.68489339,7,.2482974,.43102311,.62935845,.65428409,.79061511,1.041668
72,93,-1.0837834,-.55618281,-.93694596,-.65479839,8,.15466966,.43893387,.5872932,.52111324,.60278168,1.0154465
72,94,-1.1005177,-.61236074,-.96198337,-.64869596,9,.18749284,.462706,.60556958,.58908085,.67391382,1.0586797
72,95,-1.0883414,-.56716878,-.9644269,-.59603129,10,.16084021,.46505963,.59224347,.54699283,.61727324,1.0496257
72,96,-1.0947464,-.73724007,-.99580911,-.52739645,11,.27176146,.4958179,.59923487,.73415038,.80709093,1.0901585
